"OG_ID","site","deltaLnL","dof","lrt","fdr","analysis_absrel","gene_symbol.x","analysis_relaxed_intensified","analysis_paml","analysis_cafe_expanded","gene_symbol.y","analysis_relax_relaxed","analysis_cafe_contracted","gene_symbol"
"OG0004424",717,4.736472,1,0.0020852,1.1573108,NA,"TEP1","intensified","paml_selected",NA,NA,NA,NA,"TEP1"
"OG0004424",2371,5.436766,3,0.0124298,0.5306552,NA,"TEP1","intensified","paml_selected",NA,NA,NA,NA,"TEP1"
"OG0004424",2983,3.589641,2,0.0276083,0.4690586,NA,"TEP1","intensified","paml_selected",NA,NA,NA,NA,"TEP1"
"OG0004424",2175,2.000395,1,0.045479,0.453428,NA,"TEP1","intensified","paml_selected",NA,NA,NA,NA,"TEP1"
"OG0004424",3065,2.926913,1,0.0155432,0.4976819,NA,"TEP1","intensified","paml_selected",NA,NA,NA,NA,"TEP1"
"OG0004424",202,1.954632,1,0.0480206,0.4517194,NA,"TEP1","intensified","paml_selected",NA,NA,NA,NA,"TEP1"
"OG0004424",1196,7.007959,3,0.0028836,0.5334596,NA,"TEP1","intensified","paml_selected",NA,NA,NA,NA,"TEP1"
"OG0004424",1836,3.651015,2,0.0259648,0.4599076,NA,"TEP1","intensified","paml_selected",NA,NA,NA,NA,"TEP1"
"OG0004424",1049,1.974276,1,0.0469117,0.4541162,NA,"TEP1","intensified","paml_selected",NA,NA,NA,NA,"TEP1"
"OG0004424",183,3.702353,2,0.0246654,0.4775342,NA,"TEP1","intensified","paml_selected",NA,NA,NA,NA,"TEP1"
"OG0004424",2321,5.73173,1,0.0007098,1.1817838,NA,"TEP1","intensified","paml_selected",NA,NA,NA,NA,"TEP1"
"OG0004424",2578,3.992588,2,0.0184519,0.5120401,NA,"TEP1","intensified","paml_selected",NA,NA,NA,NA,"TEP1"
"OG0004424",1312,4.425478,1,0.0029294,0.4877376,NA,"TEP1","intensified","paml_selected",NA,NA,NA,NA,"TEP1"
"OG0004424",2667,2.365049,1,0.0296392,0.4569378,NA,"TEP1","intensified","paml_selected",NA,NA,NA,NA,"TEP1"
"OG0004424",1790,3.689583,1,0.0065984,0.4394518,NA,"TEP1","intensified","paml_selected",NA,NA,NA,NA,"TEP1"
"OG0004424",2200,2.252403,1,0.0337997,0.4431226,NA,"TEP1","intensified","paml_selected",NA,NA,NA,NA,"TEP1"
"OG0004424",1366,3.350933,2,0.0350517,0.4421288,NA,"TEP1","intensified","paml_selected",NA,NA,NA,NA,"TEP1"
"OG0004424",2753,2.355754,1,0.0299614,0.4535059,NA,"TEP1","intensified","paml_selected",NA,NA,NA,NA,"TEP1"
"OG0004424",2793,3.952062,1,0.0049322,0.5132595,NA,"TEP1","intensified","paml_selected",NA,NA,NA,NA,"TEP1"
"OG0004424",2254,3.982934,2,0.0186309,0.4923878,NA,"TEP1","intensified","paml_selected",NA,NA,NA,NA,"TEP1"
"OG0004424",2688,2.960238,1,0.0149659,0.498365,NA,"TEP1","intensified","paml_selected",NA,NA,NA,NA,"TEP1"
"OG0004424",1388,2.861229,1,0.0167493,0.4979916,NA,"TEP1","intensified","paml_selected",NA,NA,NA,NA,"TEP1"
"OG0004424",3147,3.942139,1,0.0049866,0.4883974,NA,"TEP1","intensified","paml_selected",NA,NA,NA,NA,"TEP1"
"OG0004424",302,4.132627,2,0.0160407,0.4945877,NA,"TEP1","intensified","paml_selected",NA,NA,NA,NA,"TEP1"
"OG0004424",1006,2.573301,1,0.0232919,0.4908992,NA,"TEP1","intensified","paml_selected",NA,NA,NA,NA,"TEP1"
"OG0004424",260,2.360111,1,0.0298099,0.4553529,NA,"TEP1","intensified","paml_selected",NA,NA,NA,NA,"TEP1"
"OG0004424",3097,5.301945,1,0.0011285,0.939476,NA,"TEP1","intensified","paml_selected",NA,NA,NA,NA,"TEP1"
"OG0004424",1928,3.681177,2,0.0251933,0.4766686,NA,"TEP1","intensified","paml_selected",NA,NA,NA,NA,"TEP1"
"OG0004424",2758,3.458766,2,0.0314686,0.4516826,NA,"TEP1","intensified","paml_selected",NA,NA,NA,NA,"TEP1"
"OG0004424",3087,2.975038,1,0.0147167,0.5000661,NA,"TEP1","intensified","paml_selected",NA,NA,NA,NA,"TEP1"
"OG0004424",2464,3.976831,3,0.0469791,0.4521402,NA,"TEP1","intensified","paml_selected",NA,NA,NA,NA,"TEP1"
"OG0004424",1559,2.033205,1,0.0437442,0.4729481,NA,"TEP1","intensified","paml_selected",NA,NA,NA,NA,"TEP1"
"OG0004424",2124,2.975038,1,0.0147167,0.5326791,NA,"TEP1","intensified","paml_selected",NA,NA,NA,NA,"TEP1"
"OG0004424",1507,4.334393,2,0.0131098,0.5456965,NA,"TEP1","intensified","paml_selected",NA,NA,NA,NA,"TEP1"
"OG0004424",3047,2.437853,1,0.0272373,0.4723971,NA,"TEP1","intensified","paml_selected",NA,NA,NA,NA,"TEP1"
"OG0004424",2135,2.617615,1,0.0221339,0.4913721,NA,"TEP1","intensified","paml_selected",NA,NA,NA,NA,"TEP1"
"OG0004424",2095,1.969253,1,0.0471927,0.451585,NA,"TEP1","intensified","paml_selected",NA,NA,NA,NA,"TEP1"
"OG0004424",739,2.05409,1,0.0426763,0.464418,NA,"TEP1","intensified","paml_selected",NA,NA,NA,NA,"TEP1"
"OG0004424",1862,1.928388,1,0.0495454,0.4341744,NA,"TEP1","intensified","paml_selected",NA,NA,NA,NA,"TEP1"
"OG0004424",2189,2.759263,1,0.0188161,0.4819819,NA,"TEP1","intensified","paml_selected",NA,NA,NA,NA,"TEP1"
"OG0004424",341,2.119507,1,0.0395051,0.4474556,NA,"TEP1","intensified","paml_selected",NA,NA,NA,NA,"TEP1"
"OG0004424",78,2.709886,1,0.01991,0.4669025,NA,"TEP1","intensified","paml_selected",NA,NA,NA,NA,"TEP1"
"OG0004424",1106,3.319182,1,0.0099806,0.4887534,NA,"TEP1","intensified","paml_selected",NA,NA,NA,NA,"TEP1"
"OG0004424",2433,2.772496,1,0.0185337,0.4977182,NA,"TEP1","intensified","paml_selected",NA,NA,NA,NA,"TEP1"
"OG0004424",1652,3.676014,1,0.0066987,0.4130875,NA,"TEP1","intensified","paml_selected",NA,NA,NA,NA,"TEP1"
"OG0004424",3014,2.93253,1,0.0154443,0.5042119,NA,"TEP1","intensified","paml_selected",NA,NA,NA,NA,"TEP1"
"OG0004424",941,1.9627,1,0.0475619,0.4499463,NA,"TEP1","intensified","paml_selected",NA,NA,NA,NA,"TEP1"
"OG0004424",2679,4.328475,2,0.0131876,0.5355472,NA,"TEP1","intensified","paml_selected",NA,NA,NA,NA,"TEP1"
"OG0004424",234,2.284751,1,0.032546,0.4441734,NA,"TEP1","intensified","paml_selected",NA,NA,NA,NA,"TEP1"
"OG0004424",1948,3.578101,2,0.0279287,0.4697097,NA,"TEP1","intensified","paml_selected",NA,NA,NA,NA,"TEP1"
"OG0004424",2621,3.978016,2,0.0187227,0.487084,NA,"TEP1","intensified","paml_selected",NA,NA,NA,NA,"TEP1"
"OG0004424",1543,7.031741,4,0.0070952,0.4219099,NA,"TEP1","intensified","paml_selected",NA,NA,NA,NA,"TEP1"
"OG0004424",2042,2.294578,1,0.0321749,0.4539928,NA,"TEP1","intensified","paml_selected",NA,NA,NA,NA,"TEP1"
"OG0004424",943,3.250078,2,0.0387712,0.448292,NA,"TEP1","intensified","paml_selected",NA,NA,NA,NA,"TEP1"
"OG0004424",2780,1.926744,1,0.0496427,0.430495,NA,"TEP1","intensified","paml_selected",NA,NA,NA,NA,"TEP1"
"OG0004424",2435,3.873986,1,0.0053773,0.4712206,NA,"TEP1","intensified","paml_selected",NA,NA,NA,NA,"TEP1"
"OG0004424",55,2.329245,1,0.0309004,0.451308,NA,"TEP1","intensified","paml_selected",NA,NA,NA,NA,"TEP1"
"OG0004424",1943,4.604066,1,0.0024094,0.5014612,NA,"TEP1","intensified","paml_selected",NA,NA,NA,NA,"TEP1"
"OG0004424",2082,2.270933,1,0.0330755,0.4405659,NA,"TEP1","intensified","paml_selected",NA,NA,NA,NA,"TEP1"
"OG0004424",1887,2.7514,1,0.0189861,0.4718177,NA,"TEP1","intensified","paml_selected",NA,NA,NA,NA,"TEP1"
"OG0004424",1064,2.352216,1,0.0300849,0.451274,NA,"TEP1","intensified","paml_selected",NA,NA,NA,NA,"TEP1"
"OG0004424",1473,2.830967,1,0.017337,0.5064225,NA,"TEP1","intensified","paml_selected",NA,NA,NA,NA,"TEP1"
"OG0004424",2245,5.867694,3,0.0083468,0.4483055,NA,"TEP1","intensified","paml_selected",NA,NA,NA,NA,"TEP1"
"OG0004424",799,2.538477,1,0.0242459,0.4923108,NA,"TEP1","intensified","paml_selected",NA,NA,NA,NA,"TEP1"
"OG0004424",1889,3.657936,2,0.0257857,0.4666648,NA,"TEP1","intensified","paml_selected",NA,NA,NA,NA,"TEP1"
"OG0004424",1791,4.717902,1,0.0021279,0.5904918,NA,"TEP1","intensified","paml_selected",NA,NA,NA,NA,"TEP1"
"OG0004424",1470,4.717902,1,0.0021279,0.7085902,NA,"TEP1","intensified","paml_selected",NA,NA,NA,NA,"TEP1"
"OG0004424",1950,3.714537,1,0.0064178,0.4645957,NA,"TEP1","intensified","paml_selected",NA,NA,NA,NA,"TEP1"
"OG0004424",3066,3.980751,3,0.0468141,0.4558213,NA,"TEP1","intensified","paml_selected",NA,NA,NA,NA,"TEP1"
"OG0004424",1681,2.97964,1,0.01464,0.5539916,NA,"TEP1","intensified","paml_selected",NA,NA,NA,NA,"TEP1"
"OG0004424",2479,3.678727,1,0.0066785,0.4276828,NA,"TEP1","intensified","paml_selected",NA,NA,NA,NA,"TEP1"
"OG0004424",2807,2.975038,1,0.0147167,0.5104841,NA,"TEP1","intensified","paml_selected",NA,NA,NA,NA,"TEP1"
"OG0004424",2736,2.975038,1,0.0147167,0.5213455,NA,"TEP1","intensified","paml_selected",NA,NA,NA,NA,"TEP1"
"OG0004424",1903,2.975038,1,0.0147167,0.5445164,NA,"TEP1","intensified","paml_selected",NA,NA,NA,NA,"TEP1"
"OG0004424",2538,3.151884,1,0.0120482,0.5278995,NA,"TEP1","intensified","paml_selected",NA,NA,NA,NA,"TEP1"
"OG0004424",919,2.439105,1,0.0271978,0.4766772,NA,"TEP1","intensified","paml_selected",NA,NA,NA,NA,"TEP1"
"OG0004424",1029,1.937347,1,0.0490192,0.4435706,NA,"TEP1","intensified","paml_selected",NA,NA,NA,NA,"TEP1"
"OG0004424",1895,2.294578,1,0.0321749,0.4464263,NA,"TEP1","intensified","paml_selected",NA,NA,NA,NA,"TEP1"
"OG0004424",2140,1.935935,1,0.0491018,0.4419159,NA,"TEP1","intensified","paml_selected",NA,NA,NA,NA,"TEP1"
"OG0004424",2319,3.709295,2,0.0244948,0.4913715,NA,"TEP1","intensified","paml_selected",NA,NA,NA,NA,"TEP1"
"OG0004424",2414,3.099647,2,0.0450651,0.4603275,NA,"TEP1","intensified","paml_selected",NA,NA,NA,NA,"TEP1"
"OG0004424",72,2.5978,1,0.0226441,0.4896425,NA,"TEP1","intensified","paml_selected",NA,NA,NA,NA,"TEP1"
"OG0004424",2287,2.190893,1,0.0363249,0.441467,NA,"TEP1","intensified","paml_selected",NA,NA,NA,NA,"TEP1"
"OG0004424",1132,1.932664,1,0.0492935,0.4388969,NA,"TEP1","intensified","paml_selected",NA,NA,NA,NA,"TEP1"
"OG0004424",1977,2.501712,1,0.0252972,0.4679988,NA,"TEP1","intensified","paml_selected",NA,NA,NA,NA,"TEP1"
"OG0004424",1872,1.967836,1,0.0472722,0.4497615,NA,"TEP1","intensified","paml_selected",NA,NA,NA,NA,"TEP1"
"OG0004424",2040,4.588253,2,0.0101706,0.4838307,NA,"TEP1","intensified","paml_selected",NA,NA,NA,NA,"TEP1"
"OG0004424",1988,3.67091,2,0.0254533,0.4657112,NA,"TEP1","intensified","paml_selected",NA,NA,NA,NA,"TEP1"
"OG0004424",2466,1.930791,1,0.0494037,0.4375383,NA,"TEP1","intensified","paml_selected",NA,NA,NA,NA,"TEP1"
"OG0004424",914,4.185278,3,0.0389432,0.4471748,NA,"TEP1","intensified","paml_selected",NA,NA,NA,NA,"TEP1"
"OG0004424",1774,3.419183,2,0.0327392,0.4431767,NA,"TEP1","intensified","paml_selected",NA,NA,NA,NA,"TEP1"
"OG0004424",2980,4.550217,3,0.0279849,0.4659491,NA,"TEP1","intensified","paml_selected",NA,NA,NA,NA,"TEP1"
"OG0004424",1193,4.322722,3,0.0343959,0.4405325,NA,"TEP1","intensified","paml_selected",NA,NA,NA,NA,"TEP1"
"OG0004424",1961,3.884197,1,0.0053168,0.491807,NA,"TEP1","intensified","paml_selected",NA,NA,NA,NA,"TEP1"
"OG0004424",782,2.679451,1,0.0206167,0.4767623,NA,"TEP1","intensified","paml_selected",NA,NA,NA,NA,"TEP1"
"OG0004424",447,3.032636,2,0.0481884,0.4482331,NA,"TEP1","intensified","paml_selected",NA,NA,NA,NA,"TEP1"
"OG0004424",2746,3.743327,2,0.0236752,0.4927401,NA,"TEP1","intensified","paml_selected",NA,NA,NA,NA,"TEP1"
"OG0004424",2161,1.924697,1,0.049764,0.4227397,NA,"TEP1","intensified","paml_selected",NA,NA,NA,NA,"TEP1"
"OG0004424",1832,1.924697,1,0.049764,0.4249076,NA,"TEP1","intensified","paml_selected",NA,NA,NA,NA,"TEP1"
"OG0004424",1034,3.349169,2,0.0351135,0.4395789,NA,"TEP1","intensified","paml_selected",NA,NA,NA,NA,"TEP1"
"OG0004424",1954,3.73005,2,0.0239916,0.4931616,NA,"TEP1","intensified","paml_selected",NA,NA,NA,NA,"TEP1"
"OG0004424",1480,3.347829,2,0.0351606,0.4368837,NA,"TEP1","intensified","paml_selected",NA,NA,NA,NA,"TEP1"
"OG0004424",1117,3.750243,1,0.0061682,0.5135056,NA,"TEP1","intensified","paml_selected",NA,NA,NA,NA,"TEP1"
"OG0004424",2670,1.924287,1,0.0497883,0.4207995,NA,"TEP1","intensified","paml_selected",NA,NA,NA,NA,"TEP1"
"OG0004424",972,2.321579,1,0.0311776,0.4513972,NA,"TEP1","intensified","paml_selected",NA,NA,NA,NA,"TEP1"
"OG0004424",2012,1.928388,1,0.0495454,0.4319012,NA,"TEP1","intensified","paml_selected",NA,NA,NA,NA,"TEP1"
"OG0004424",1435,3.197751,1,0.011441,0.5148447,NA,"TEP1","intensified","paml_selected",NA,NA,NA,NA,"TEP1"
"OG0004424",868,2.025665,1,0.0441366,0.4651102,NA,"TEP1","intensified","paml_selected",NA,NA,NA,NA,"TEP1"
"OG0004424",3098,3.714537,1,0.0064178,0.4857136,NA,"TEP1","intensified","paml_selected",NA,NA,NA,NA,"TEP1"
"OG0004424",2224,2.981136,1,0.0146152,0.565914,NA,"TEP1","intensified","paml_selected",NA,NA,NA,NA,"TEP1"
"OG0004424",1863,2.104992,1,0.0401867,0.4521007,NA,"TEP1","intensified","paml_selected",NA,NA,NA,NA,"TEP1"
"OG0004424",3110,3.265154,2,0.038191,0.4478034,NA,"TEP1","intensified","paml_selected",NA,NA,NA,NA,"TEP1"
"OG0004424",861,2.524579,1,0.0246379,0.4826132,NA,"TEP1","intensified","paml_selected",NA,NA,NA,NA,"TEP1"
"OG0004424",1234,2.015934,1,0.0446485,0.4617372,NA,"TEP1","intensified","paml_selected",NA,NA,NA,NA,"TEP1"
"OG0004424",2442,3.816712,2,0.022,0.4950002,NA,"TEP1","intensified","paml_selected",NA,NA,NA,NA,"TEP1"
"OG0004424",2592,3.015727,2,0.0490102,0.4459125,NA,"TEP1","intensified","paml_selected",NA,NA,NA,NA,"TEP1"
"OG0004424",1578,2.792428,1,0.0181164,0.5200664,NA,"TEP1","intensified","paml_selected",NA,NA,NA,NA,"TEP1"
"OG0004424",1926,3.699981,2,0.024724,0.473166,NA,"TEP1","intensified","paml_selected",NA,NA,NA,NA,"TEP1"
"OG0004424",1544,4.940433,3,0.0196064,0.4663531,NA,"TEP1","intensified","paml_selected",NA,NA,NA,NA,"TEP1"
"OG0004424",1745,3.797401,2,0.022429,0.4913719,NA,"TEP1","intensified","paml_selected",NA,NA,NA,NA,"TEP1"
"OG0004424",966,2.138662,1,0.0386241,0.4497145,NA,"TEP1","intensified","paml_selected",NA,NA,NA,NA,"TEP1"
"OG0004424",1981,2.774049,1,0.0185008,0.5049802,NA,"TEP1","intensified","paml_selected",NA,NA,NA,NA,"TEP1"
"OG0004424",1121,1.933146,1,0.0492653,0.4410036,NA,"TEP1","intensified","paml_selected",NA,NA,NA,NA,"TEP1"
"OG0004424",1005,4.717902,1,0.0021279,0.8857378,NA,"TEP1","intensified","paml_selected",NA,NA,NA,NA,"TEP1"
"OG0004424",2475,2.50464,1,0.0252118,0.4716589,NA,"TEP1","intensified","paml_selected",NA,NA,NA,NA,"TEP1"
"OG0004424",2617,3.579299,1,0.0074606,0.4283386,NA,"TEP1","intensified","paml_selected",NA,NA,NA,NA,"TEP1"
"OG0004424",2634,1.924697,1,0.049764,0.4270979,NA,"TEP1","intensified","paml_selected",NA,NA,NA,NA,"TEP1"
"OG0004424",2835,3.952062,1,0.0049322,0.5474768,NA,"TEP1","intensified","paml_selected",NA,NA,NA,NA,"TEP1"
"OG0004424",2223,3.428156,2,0.0324467,0.4464774,NA,"TEP1","intensified","paml_selected",NA,NA,NA,NA,"TEP1"
"OG0004424",1259,2.000395,1,0.045479,0.4561595,NA,"TEP1","intensified","paml_selected",NA,NA,NA,NA,"TEP1"
"OG0004424",878,2.000395,1,0.045479,0.4589241,NA,"TEP1","intensified","paml_selected",NA,NA,NA,NA,"TEP1"
"OG0004424",1864,2.907352,1,0.0158927,0.4992713,NA,"TEP1","intensified","paml_selected",NA,NA,NA,NA,"TEP1"
"OG0004424",1610,2.126613,1,0.0391758,0.4467657,NA,"TEP1","intensified","paml_selected",NA,NA,NA,NA,"TEP1"
"OG0004424",1777,2.484566,1,0.0258036,0.4619676,NA,"TEP1","intensified","paml_selected",NA,NA,NA,NA,"TEP1"
"OG0004424",2803,2.882429,1,0.0163498,0.4949534,NA,"TEP1","intensified","paml_selected",NA,NA,NA,NA,"TEP1"
"OG0004424",3046,3.032775,2,0.0481817,0.4506886,NA,"TEP1","intensified","paml_selected",NA,NA,NA,NA,"TEP1"
"OG0004424",2950,4.285221,3,0.0355824,0.4388496,NA,"TEP1","intensified","paml_selected",NA,NA,NA,NA,"TEP1"
"OG0004424",1157,4.621479,1,0.002364,0.5623009,NA,"TEP1","intensified","paml_selected",NA,NA,NA,NA,"TEP1"
"OG0004424",1248,1.989496,1,0.0460711,0.4565977,NA,"TEP1","intensified","paml_selected",NA,NA,NA,NA,"TEP1"
"OG0004424",233,4.26805,1,0.0034817,0.4140747,NA,"TEP1","intensified","paml_selected",NA,NA,NA,NA,"TEP1"
"OG0004424",1040,2.7514,1,0.0189861,0.4789665,NA,"TEP1","intensified","paml_selected",NA,NA,NA,NA,"TEP1"
"OG0004424",2448,2.028804,1,0.0439728,0.4723525,NA,"TEP1","intensified","paml_selected",NA,NA,NA,NA,"TEP1"
"OG0004424",2815,1.924287,1,0.0497883,0.4186743,NA,"TEP1","intensified","paml_selected",NA,NA,NA,NA,"TEP1"
"OG0004424",416,1.986827,1,0.0462174,0.4526583,NA,"TEP1","intensified","paml_selected",NA,NA,NA,NA,"TEP1"
"OG0004424",2770,4.385455,1,0.0030607,0.4246761,NA,"TEP1","intensified","paml_selected",NA,NA,NA,NA,"TEP1"
"OG0004424",2392,4.339507,1,0.003219,0.4122733,NA,"TEP1","intensified","paml_selected",NA,NA,NA,NA,"TEP1"
"OG0004424",3074,3.714537,1,0.0064178,0.4452375,NA,"TEP1","intensified","paml_selected",NA,NA,NA,NA,"TEP1"
"OG0004424",849,2.067004,1,0.0420297,0.4634399,NA,"TEP1","intensified","paml_selected",NA,NA,NA,NA,"TEP1"
"OG0004424",789,2.025665,1,0.0441366,0.4680726,NA,"TEP1","intensified","paml_selected",NA,NA,NA,NA,"TEP1"
"OG0004424",915,3.098829,2,0.045102,0.4578952,NA,"TEP1","intensified","paml_selected",NA,NA,NA,NA,"TEP1"
"OG0004424",3109,2.374444,1,0.0293172,0.4785608,NA,"TEP1","intensified","paml_selected",NA,NA,NA,NA,"TEP1"
"OG0004424",874,2.524972,1,0.0246267,0.4881371,NA,"TEP1","intensified","paml_selected",NA,NA,NA,NA,"TEP1"
"OG0004424",1566,2.374444,1,0.0293172,0.4693577,NA,"TEP1","intensified","paml_selected",NA,NA,NA,NA,"TEP1"
"OG0004424",221,3.522454,2,0.0295269,0.4594602,NA,"TEP1","intensified","paml_selected",NA,NA,NA,NA,"TEP1"
"OG0004424",1780,3.406144,1,0.0090533,0.4567788,NA,"TEP1","intensified","paml_selected",NA,NA,NA,NA,"TEP1"
"OG0004424",1035,2.725871,1,0.0195488,0.4717219,NA,"TEP1","intensified","paml_selected",NA,NA,NA,NA,"TEP1"
"OG0004424",2104,2.792428,1,0.0181164,0.5112517,NA,"TEP1","intensified","paml_selected",NA,NA,NA,NA,"TEP1"
"OG0004424",1629,2.185864,1,0.0365399,0.4408619,NA,"TEP1","intensified","paml_selected",NA,NA,NA,NA,"TEP1"
"OG0004424",1236,3.760596,2,0.0232699,0.4967222,NA,"TEP1","intensified","paml_selected",NA,NA,NA,NA,"TEP1"
"OG0004424",1841,2.294578,1,0.0321749,0.4501778,NA,"TEP1","intensified","paml_selected",NA,NA,NA,NA,"TEP1"
"OG0004424",1760,2.243092,1,0.0341699,0.4410297,NA,"TEP1","intensified","paml_selected",NA,NA,NA,NA,"TEP1"
"OG0004424",1181,2.008299,1,0.0450545,0.4630601,NA,"TEP1","intensified","paml_selected",NA,NA,NA,NA,"TEP1"
"OG0004424",2900,2.171052,1,0.0371809,0.4421877,NA,"TEP1","intensified","paml_selected",NA,NA,NA,NA,"TEP1"
"OG0004424",1522,1.94036,1,0.0488436,0.4468385,NA,"TEP1","intensified","paml_selected",NA,NA,NA,NA,"TEP1"
"OG0004424",1830,2.374444,1,0.0293172,0.4739145,NA,"TEP1","intensified","paml_selected",NA,NA,NA,NA,"TEP1"
"OG0004424",2527,2.634255,1,0.0217146,0.4952713,NA,"TEP1","intensified","paml_selected",NA,NA,NA,NA,"TEP1"
"OG0004424",2199,1.989221,1,0.0460862,0.4540441,NA,"TEP1","intensified","paml_selected",NA,NA,NA,NA,"TEP1"
"OG0004424",2064,2.369702,1,0.0294793,0.4630474,NA,"TEP1","intensified","paml_selected",NA,NA,NA,NA,"TEP1"
"OG0004424",1165,5.184641,4,0.034646,0.4403486,NA,"TEP1","intensified","paml_selected",NA,NA,NA,NA,"TEP1"
"OG0004424",2038,2.352216,1,0.0300849,0.4472447,NA,"TEP1","intensified","paml_selected",NA,NA,NA,NA,"TEP1"
"OG0004424",2577,3.022704,1,0.0139425,0.5527209,NA,"TEP1","intensified","paml_selected",NA,NA,NA,NA,"TEP1"
"OG0004424",3013,1.943248,1,0.0486759,0.4477643,NA,"TEP1","intensified","paml_selected",NA,NA,NA,NA,"TEP1"
"OG0004424",2183,2.344515,1,0.0303558,0.4472778,NA,"TEP1","intensified","paml_selected",NA,NA,NA,NA,"TEP1"
"OG0004424",2262,2.180101,1,0.0367879,0.4406612,NA,"TEP1","intensified","paml_selected",NA,NA,NA,NA,"TEP1"
"OG0004424",913,3.256549,1,0.0107083,0.495258,NA,"TEP1","intensified","paml_selected",NA,NA,NA,NA,"TEP1"
"OG0004424",2698,2.374444,1,0.0293172,0.4648876,NA,"TEP1","intensified","paml_selected",NA,NA,NA,NA,"TEP1"
"OG0004424",334,2.27849,1,0.0327848,0.4402156,NA,"TEP1","intensified","paml_selected",NA,NA,NA,NA,"TEP1"
"OG0004424",1896,1.924697,1,0.049764,0.4293108,NA,"TEP1","intensified","paml_selected",NA,NA,NA,NA,"TEP1"
"OG0004424",2853,4.401029,1,0.0030089,0.4554395,NA,"TEP1","intensified","paml_selected",NA,NA,NA,NA,"TEP1"
"OG0004424",1978,2.204766,1,0.0357386,0.4375356,NA,"TEP1","intensified","paml_selected",NA,NA,NA,NA,"TEP1"
"OG0004424",2606,2.750922,1,0.0189964,0.4651332,NA,"TEP1","intensified","paml_selected",NA,NA,NA,NA,"TEP1"
"OG0004424",1858,3.7161,1,0.0064067,0.5079595,NA,"TEP1","intensified","paml_selected",NA,NA,NA,NA,"TEP1"
"OG0004424",876,2.025687,1,0.0441354,0.4710609,NA,"TEP1","intensified","paml_selected",NA,NA,NA,NA,"TEP1"
"OG0004424",468,3.939889,3,0.0485628,0.4492056,NA,"TEP1","intensified","paml_selected",NA,NA,NA,NA,"TEP1"
"OG0004424",2145,2.080125,1,0.0413833,0.4593547,NA,"TEP1","intensified","paml_selected",NA,NA,NA,NA,"TEP1"
"OG0004424",2943,1.924287,1,0.0497883,0.4165704,NA,"TEP1","intensified","paml_selected",NA,NA,NA,NA,"TEP1"
"OG0004424",1163,3.160226,2,0.0424162,0.4646245,NA,"TEP1","intensified","paml_selected",NA,NA,NA,NA,"TEP1"
"OG0004424",866,3.274474,2,0.0378368,0.4467957,NA,"TEP1","intensified","paml_selected",NA,NA,NA,NA,"TEP1"
"OG0004424",2188,2.102137,1,0.0403222,0.4505808,NA,"TEP1","intensified","paml_selected",NA,NA,NA,NA,"TEP1"
"OG0004424",927,2.380828,1,0.0291005,0.4797265,NA,"TEP1","intensified","paml_selected",NA,NA,NA,NA,"TEP1"
"OG0004424",1676,2.248918,1,0.0339378,0.4414563,NA,"TEP1","intensified","paml_selected",NA,NA,NA,NA,"TEP1"
"OG0004424",2928,4.033998,3,0.0446271,0.4644011,NA,"TEP1","intensified","paml_selected",NA,NA,NA,NA,"TEP1"
"OG0004424",2420,5.861074,3,0.0083982,0.4369679,NA,"TEP1","intensified","paml_selected",NA,NA,NA,NA,"TEP1"
"OG0004424",1815,2.017055,1,0.0445892,0.4669243,NA,"TEP1","intensified","paml_selected",NA,NA,NA,NA,"TEP1"
"OG0004424",2868,3.599553,2,0.0273359,0.4692201,NA,"TEP1","intensified","paml_selected",NA,NA,NA,NA,"TEP1"
"OG0004424",67,3.567047,1,0.0075632,0.4197566,NA,"TEP1","intensified","paml_selected",NA,NA,NA,NA,"TEP1"
"OG0004424",2769,3.399152,2,0.0334016,0.4413779,NA,"TEP1","intensified","paml_selected",NA,NA,NA,NA,"TEP1"
"OG0004424",2785,2.305018,1,0.0317854,0.4523304,NA,"TEP1","intensified","paml_selected",NA,NA,NA,NA,"TEP1"
"OG0004424",1438,3.005933,2,0.0494925,0.4360057,NA,"TEP1","intensified","paml_selected",NA,NA,NA,NA,"TEP1"
"OG0004577",2247,6.219367,2,0.0019905,0.7628608,NA,"SLX4","intensified","paml_selected",NA,NA,NA,NA,"SLX4"
"OG0004577",531,3.040311,1,0.0136673,0.4761801,NA,"SLX4","intensified","paml_selected",NA,NA,NA,NA,"SLX4"
"OG0004577",743,6.279738,5,0.0278759,0.3993813,NA,"SLX4","intensified","paml_selected",NA,NA,NA,NA,"SLX4"
"OG0004577",2064,4.027762,3,0.044878,0.3800996,NA,"SLX4","intensified","paml_selected",NA,NA,NA,NA,"SLX4"
"OG0004577",1737,6.607357,2,0.0013504,1.0350787,NA,"SLX4","intensified","paml_selected",NA,NA,NA,NA,"SLX4"
"OG0004577",1764,3.428798,2,0.0324259,0.3823759,NA,"SLX4","intensified","paml_selected",NA,NA,NA,NA,"SLX4"
"OG0004577",237,2.772507,1,0.0185334,0.4657656,NA,"SLX4","intensified","paml_selected",NA,NA,NA,NA,"SLX4"
"OG0004577",110,2.39501,1,0.0286251,0.3918058,NA,"SLX4","intensified","paml_selected",NA,NA,NA,NA,"SLX4"
"OG0004577",1951,1.968863,1,0.0472146,0.3829627,NA,"SLX4","intensified","paml_selected",NA,NA,NA,NA,"SLX4"
"OG0004577",777,4.770432,3,0.0229006,0.4035242,NA,"SLX4","intensified","paml_selected",NA,NA,NA,NA,"SLX4"
"OG0004577",1943,5.096464,3,0.0169954,0.4737079,NA,"SLX4","intensified","paml_selected",NA,NA,NA,NA,"SLX4"
"OG0004577",942,6.346456,4,0.012878,0.506203,NA,"SLX4","intensified","paml_selected",NA,NA,NA,NA,"SLX4"
"OG0004577",926,4.729138,1,0.002102,0.6444687,NA,"SLX4","intensified","paml_selected",NA,NA,NA,NA,"SLX4"
"OG0004577",2430,2.667756,1,0.0208952,0.4214782,NA,"SLX4","intensified","paml_selected",NA,NA,NA,NA,"SLX4"
"OG0004577",1923,3.148627,2,0.042911,0.3802462,NA,"SLX4","intensified","paml_selected",NA,NA,NA,NA,"SLX4"
"OG0004577",1168,5.532624,2,0.0039556,0.466456,NA,"SLX4","intensified","paml_selected",NA,NA,NA,NA,"SLX4"
"OG0004577",771,4.297886,1,0.0033694,0.6456699,NA,"SLX4","intensified","paml_selected",NA,NA,NA,NA,"SLX4"
"OG0004577",1757,3.247633,1,0.0108162,0.4876839,NA,"SLX4","intensified","paml_selected",NA,NA,NA,NA,"SLX4"
"OG0004577",1983,3.806586,2,0.0222239,0.4055866,NA,"SLX4","intensified","paml_selected",NA,NA,NA,NA,"SLX4"
"OG0004577",2396,2.944152,1,0.0152418,0.4673128,NA,"SLX4","intensified","paml_selected",NA,NA,NA,NA,"SLX4"
"OG0004577",1067,2.220199,1,0.0350981,0.3843238,NA,"SLX4","intensified","paml_selected",NA,NA,NA,NA,"SLX4"
"OG0004577",2341,6.279538,5,0.0278804,0.3921155,NA,"SLX4","intensified","paml_selected",NA,NA,NA,NA,"SLX4"
"OG0004577",222,5.499661,2,0.0040882,0.4476533,NA,"SLX4","intensified","paml_selected",NA,NA,NA,NA,"SLX4"
"OG0004577",449,1.948504,1,0.0483722,0.3802799,NA,"SLX4","intensified","paml_selected",NA,NA,NA,NA,"SLX4"
"OG0004577",542,2.294639,1,0.0321726,0.3883509,NA,"SLX4","intensified","paml_selected",NA,NA,NA,NA,"SLX4"
"OG0004577",1433,3.468979,2,0.0311488,0.3914028,NA,"SLX4","intensified","paml_selected",NA,NA,NA,NA,"SLX4"
"OG0004577",1958,5.682463,4,0.0227549,0.4056185,NA,"SLX4","intensified","paml_selected",NA,NA,NA,NA,"SLX4"
"OG0004577",772,3.693468,2,0.0248856,0.4146692,NA,"SLX4","intensified","paml_selected",NA,NA,NA,NA,"SLX4"
"OG0004577",2039,4.624511,2,0.0098084,0.5370124,NA,"SLX4","intensified","paml_selected",NA,NA,NA,NA,"SLX4"
"OG0004577",658,4.607981,2,0.0099719,0.5271369,NA,"SLX4","intensified","paml_selected",NA,NA,NA,NA,"SLX4"
"OG0004577",137,4.029747,2,0.0177788,0.4866952,NA,"SLX4","intensified","paml_selected",NA,NA,NA,NA,"SLX4"
"OG0004577",906,4.314907,2,0.0133678,0.4765776,NA,"SLX4","intensified","paml_selected",NA,NA,NA,NA,"SLX4"
"OG0004577",2487,5.654704,2,0.003501,0.5367048,NA,"SLX4","intensified","paml_selected",NA,NA,NA,NA,"SLX4"
"OG0004577",879,2.727016,1,0.0195232,0.4401337,NA,"SLX4","intensified","paml_selected",NA,NA,NA,NA,"SLX4"
"OG0004577",2024,2.752591,1,0.0189602,0.440394,NA,"SLX4","intensified","paml_selected",NA,NA,NA,NA,"SLX4"
"OG0004577",116,2.221716,1,0.0350357,0.3864013,NA,"SLX4","intensified","paml_selected",NA,NA,NA,NA,"SLX4"
"OG0004577",1047,4.729138,1,0.002102,0.5370573,NA,"SLX4","intensified","paml_selected",NA,NA,NA,NA,"SLX4"
"OG0004577",2233,4.320996,2,0.0132866,0.4967907,NA,"SLX4","intensified","paml_selected",NA,NA,NA,NA,"SLX4"
"OG0004577",2046,4.185175,1,0.0038139,0.4872282,NA,"SLX4","intensified","paml_selected",NA,NA,NA,NA,"SLX4"
"OG0004577",1390,3.105997,2,0.0447798,0.381375,NA,"SLX4","intensified","paml_selected",NA,NA,NA,NA,"SLX4"
"OG0004577",1028,4.401514,2,0.0122588,0.5079103,NA,"SLX4","intensified","paml_selected",NA,NA,NA,NA,"SLX4"
"OG0004577",937,2.737842,1,0.0192828,0.4412021,NA,"SLX4","intensified","paml_selected",NA,NA,NA,NA,"SLX4"
"OG0004577",2295,6.081149,2,0.0022855,0.5005353,NA,"SLX4","intensified","paml_selected",NA,NA,NA,NA,"SLX4"
"OG0004577",1534,5.375702,2,0.0046277,0.4729475,NA,"SLX4","intensified","paml_selected",NA,NA,NA,NA,"SLX4"
"OG0004577",217,4.47913,3,0.029851,0.391125,NA,"SLX4","intensified","paml_selected",NA,NA,NA,NA,"SLX4"
"OG0004577",1849,3.783449,2,0.0227441,0.4101967,NA,"SLX4","intensified","paml_selected",NA,NA,NA,NA,"SLX4"
"OG0004577",1022,5.223458,1,0.0012285,1.8833578,NA,"SLX4","intensified","paml_selected",NA,NA,NA,NA,"SLX4"
"OG0004577",2470,4.014819,3,0.0454031,0.3824341,NA,"SLX4","intensified","paml_selected",NA,NA,NA,NA,"SLX4"
"OG0004577",1992,3.644027,2,0.0261468,0.413228,NA,"SLX4","intensified","paml_selected",NA,NA,NA,NA,"SLX4"
"OG0004577",1157,4.691242,2,0.0091753,0.540989,NA,"SLX4","intensified","paml_selected",NA,NA,NA,NA,"SLX4"
"OG0004577",586,4.417041,2,0.0120699,0.5139762,NA,"SLX4","intensified","paml_selected",NA,NA,NA,NA,"SLX4"
"OG0004577",373,3.273854,1,0.0105019,0.5193374,NA,"SLX4","intensified","paml_selected",NA,NA,NA,NA,"SLX4"
"OG0004577",1881,3.892804,2,0.0203881,0.4223643,NA,"SLX4","intensified","paml_selected",NA,NA,NA,NA,"SLX4"
"OG0004577",2099,3.921727,1,0.0051005,0.4599457,NA,"SLX4","intensified","paml_selected",NA,NA,NA,NA,"SLX4"
"OG0004577",802,5.226162,3,0.0150878,0.4720331,NA,"SLX4","intensified","paml_selected",NA,NA,NA,NA,"SLX4"
"OG0004577",637,3.925852,2,0.0197253,0.4259004,NA,"SLX4","intensified","paml_selected",NA,NA,NA,NA,"SLX4"
"OG0004577",2564,4.113375,2,0.0163525,0.4729883,NA,"SLX4","intensified","paml_selected",NA,NA,NA,NA,"SLX4"
"OG0004577",499,2.678948,1,0.0206287,0.4216498,NA,"SLX4","intensified","paml_selected",NA,NA,NA,NA,"SLX4"
"OG0004577",2269,3.509601,1,0.008064,0.5886729,NA,"SLX4","intensified","paml_selected",NA,NA,NA,NA,"SLX4"
"OG0004577",1120,3.509603,1,0.008064,0.6181054,NA,"SLX4","intensified","paml_selected",NA,NA,NA,NA,"SLX4"
"OG0004577",1391,4.44052,3,0.030915,0.3982585,NA,"SLX4","intensified","paml_selected",NA,NA,NA,NA,"SLX4"
"OG0004577",1163,6.435816,2,0.0016031,0.8191839,NA,"SLX4","intensified","paml_selected",NA,NA,NA,NA,"SLX4"
"OG0004577",1247,5.441571,4,0.0279092,0.3889529,NA,"SLX4","intensified","paml_selected",NA,NA,NA,NA,"SLX4"
"OG0004577",2044,2.922612,1,0.0156194,0.4695005,NA,"SLX4","intensified","paml_selected",NA,NA,NA,NA,"SLX4"
"OG0004577",264,3.219576,2,0.039972,0.3928019,NA,"SLX4","intensified","paml_selected",NA,NA,NA,NA,"SLX4"
"OG0004577",922,3.637627,2,0.0263147,0.4074793,NA,"SLX4","intensified","paml_selected",NA,NA,NA,NA,"SLX4"
"OG0004577",2264,2.026719,1,0.0440815,0.3817904,NA,"SLX4","intensified","paml_selected",NA,NA,NA,NA,"SLX4"
"OG0004577",2381,4.867952,2,0.0076891,0.620389,NA,"SLX4","intensified","paml_selected",NA,NA,NA,NA,"SLX4"
"OG0004577",2124,4.610301,3,0.0264972,0.4062019,NA,"SLX4","intensified","paml_selected",NA,NA,NA,NA,"SLX4"
"OG0004577",979,3.624016,2,0.0266753,0.4048839,NA,"SLX4","intensified","paml_selected",NA,NA,NA,NA,"SLX4"
"OG0004577",1260,2.258214,1,0.0335708,0.3869481,NA,"SLX4","intensified","paml_selected",NA,NA,NA,NA,"SLX4"
"OG0004577",691,4.596782,3,0.026825,0.4031646,NA,"SLX4","intensified","paml_selected",NA,NA,NA,NA,"SLX4"
"OG0004577",1397,5.669791,2,0.0034486,0.5874093,NA,"SLX4","intensified","paml_selected",NA,NA,NA,NA,"SLX4"
"OG0004577",2056,3.412078,1,0.0089933,0.5744472,NA,"SLX4","intensified","paml_selected",NA,NA,NA,NA,"SLX4"
"OG0004577",903,3.943665,3,0.0483985,0.3785458,NA,"SLX4","intensified","paml_selected",NA,NA,NA,NA,"SLX4"
"OG0004577",2344,3.175613,2,0.0417685,0.3834196,NA,"SLX4","intensified","paml_selected",NA,NA,NA,NA,"SLX4"
"OG0004577",208,4.276507,3,0.0358638,0.3844696,NA,"SLX4","intensified","paml_selected",NA,NA,NA,NA,"SLX4"
"OG0004577",136,4.93671,4,0.0426147,0.3820374,NA,"SLX4","intensified","paml_selected",NA,NA,NA,NA,"SLX4"
"OG0004577",161,5.246419,3,0.0148096,0.4830436,NA,"SLX4","intensified","paml_selected",NA,NA,NA,NA,"SLX4"
"OG0004577",801,3.933845,2,0.0195683,0.4347564,NA,"SLX4","intensified","paml_selected",NA,NA,NA,NA,"SLX4"
"OG0004577",2304,4.95527,2,0.0070462,0.6000992,NA,"SLX4","intensified","paml_selected",NA,NA,NA,NA,"SLX4"
"OG0004577",924,2.722008,1,0.0196355,0.4300168,NA,"SLX4","intensified","paml_selected",NA,NA,NA,NA,"SLX4"
"OG0004577",1933,1.935771,1,0.0491114,0.3708757,NA,"SLX4","intensified","paml_selected",NA,NA,NA,NA,"SLX4"
"OG0004577",2459,5.003558,3,0.0185058,0.4728219,NA,"SLX4","intensified","paml_selected",NA,NA,NA,NA,"SLX4"
"OG0004577",1601,5.436599,3,0.0124317,0.5015199,NA,"SLX4","intensified","paml_selected",NA,NA,NA,NA,"SLX4"
"OG0004577",2498,2.289587,1,0.0323628,0.3845906,NA,"SLX4","intensified","paml_selected",NA,NA,NA,NA,"SLX4"
"OG0004577",2090,2.481504,1,0.0258951,0.4178655,NA,"SLX4","intensified","paml_selected",NA,NA,NA,NA,"SLX4"
"OG0004577",1837,3.65179,2,0.0259446,0.4143036,NA,"SLX4","intensified","paml_selected",NA,NA,NA,NA,"SLX4"
"OG0004577",800,4.913902,3,0.020088,0.4277075,NA,"SLX4","intensified","paml_selected",NA,NA,NA,NA,"SLX4"
"OG0004577",229,2.133707,1,0.03885,0.3918227,NA,"SLX4","intensified","paml_selected",NA,NA,NA,NA,"SLX4"
"OG0004577",1827,2.088453,1,0.0409785,0.3877777,NA,"SLX4","intensified","paml_selected",NA,NA,NA,NA,"SLX4"
"OG0004577",1337,4.127628,3,0.0410206,0.3857953,NA,"SLX4","intensified","paml_selected",NA,NA,NA,NA,"SLX4"
"OG0004577",952,3.242447,2,0.0390682,0.3914479,NA,"SLX4","intensified","paml_selected",NA,NA,NA,NA,"SLX4"
"OG0004577",601,5.299068,2,0.0049962,0.4787029,NA,"SLX4","intensified","paml_selected",NA,NA,NA,NA,"SLX4"
"OG0004577",2094,4.377199,3,0.032741,0.3831443,NA,"SLX4","intensified","paml_selected",NA,NA,NA,NA,"SLX4"
"OG0004577",1485,3.357973,2,0.0348057,0.3894684,NA,"SLX4","intensified","paml_selected",NA,NA,NA,NA,"SLX4"
"OG0004577",2249,3.975394,2,0.0187719,0.4496458,NA,"SLX4","intensified","paml_selected",NA,NA,NA,NA,"SLX4"
"OG0004577",1720,3.138568,2,0.0433448,0.3818828,NA,"SLX4","intensified","paml_selected",NA,NA,NA,NA,"SLX4"
"OG0004577",2089,2.481514,1,0.0258948,0.4223061,NA,"SLX4","intensified","paml_selected",NA,NA,NA,NA,"SLX4"
"OG0004577",1766,3.82757,2,0.0217624,0.4170226,NA,"SLX4","intensified","paml_selected",NA,NA,NA,NA,"SLX4"
"OG0004577",117,4.443118,2,0.0117592,0.5150535,NA,"SLX4","intensified","paml_selected",NA,NA,NA,NA,"SLX4"
"OG0004577",1150,2.033494,1,0.0437292,0.3808913,NA,"SLX4","intensified","paml_selected",NA,NA,NA,NA,"SLX4"
"OG0004577",226,2.325536,1,0.0310342,0.3964615,NA,"SLX4","intensified","paml_selected",NA,NA,NA,NA,"SLX4"
"OG0004577",1728,2.111908,1,0.0398604,0.3942326,NA,"SLX4","intensified","paml_selected",NA,NA,NA,NA,"SLX4"
"OG0004577",2570,2.324095,1,0.0310863,0.3938455,NA,"SLX4","intensified","paml_selected",NA,NA,NA,NA,"SLX4"
"OG0004577",2205,4.10542,3,0.0418494,0.3818761,NA,"SLX4","intensified","paml_selected",NA,NA,NA,NA,"SLX4"
"OG0004577",995,4.840488,3,0.021482,0.4276871,NA,"SLX4","intensified","paml_selected",NA,NA,NA,NA,"SLX4"
"OG0004577",600,4.261474,2,0.0141015,0.4699481,NA,"SLX4","intensified","paml_selected",NA,NA,NA,NA,"SLX4"
"OG0004577",1850,3.465308,1,0.0084733,0.5904316,NA,"SLX4","intensified","paml_selected",NA,NA,NA,NA,"SLX4"
"OG0004577",1708,2.317706,1,0.0313186,0.3903368,NA,"SLX4","intensified","paml_selected",NA,NA,NA,NA,"SLX4"
"OG0004577",1455,6.789593,4,0.0087666,0.5843142,NA,"SLX4","intensified","paml_selected",NA,NA,NA,NA,"SLX4"
"OG0004577",718,4.745098,4,0.0499491,0.366373,NA,"SLX4","intensified","paml_selected",NA,NA,NA,NA,"SLX4"
"OG0004577",1817,2.051827,1,0.0427906,0.3813841,NA,"SLX4","intensified","paml_selected",NA,NA,NA,NA,"SLX4"
"OG0004577",794,3.030838,2,0.0482752,0.3814734,NA,"SLX4","intensified","paml_selected",NA,NA,NA,NA,"SLX4"
"OG0004577",435,2.246886,1,0.0340185,0.3862993,NA,"SLX4","intensified","paml_selected",NA,NA,NA,NA,"SLX4"
"OG0004577",927,3.405818,1,0.0090566,0.5553494,NA,"SLX4","intensified","paml_selected",NA,NA,NA,NA,"SLX4"
"OG0004577",2489,2.795286,1,0.0180574,0.477276,NA,"SLX4","intensified","paml_selected",NA,NA,NA,NA,"SLX4"
"OG0004577",1045,2.440418,1,0.0271564,0.3964842,NA,"SLX4","intensified","paml_selected",NA,NA,NA,NA,"SLX4"
"OG0004577",521,3.695886,2,0.0248255,0.4182135,NA,"SLX4","intensified","paml_selected",NA,NA,NA,NA,"SLX4"
"OG0004577",2497,3.51887,2,0.0296329,0.3916143,NA,"SLX4","intensified","paml_selected",NA,NA,NA,NA,"SLX4"
"OG0004577",1554,4.545063,2,0.0106195,0.5087405,NA,"SLX4","intensified","paml_selected",NA,NA,NA,NA,"SLX4"
"OG0004577",713,5.227079,3,0.0150751,0.4814617,NA,"SLX4","intensified","paml_selected",NA,NA,NA,NA,"SLX4"
"OG0004577",629,4.642946,2,0.0096293,0.5467297,NA,"SLX4","intensified","paml_selected",NA,NA,NA,NA,"SLX4"
"OG0004577",2333,3.36945,2,0.0344086,0.3878553,NA,"SLX4","intensified","paml_selected",NA,NA,NA,NA,"SLX4"
"OG0004577",916,1.934479,1,0.0491871,0.3696264,NA,"SLX4","intensified","paml_selected",NA,NA,NA,NA,"SLX4"
"OG0004577",530,2.397345,1,0.0285476,0.3942652,NA,"SLX4","intensified","paml_selected",NA,NA,NA,NA,"SLX4"
"OG0004577",2499,2.257672,1,0.0335921,0.3843041,NA,"SLX4","intensified","paml_selected",NA,NA,NA,NA,"SLX4"
"OG0004577",2092,4.10106,2,0.0165551,0.4699813,NA,"SLX4","intensified","paml_selected",NA,NA,NA,NA,"SLX4"
"OG0004577",1779,4.059225,3,0.0436261,0.3821645,NA,"SLX4","intensified","paml_selected",NA,NA,NA,NA,"SLX4"
"OG0004577",1935,2.771536,1,0.018554,0.4587621,NA,"SLX4","intensified","paml_selected",NA,NA,NA,NA,"SLX4"
"OG0004577",1875,3.308663,2,0.036565,0.3865806,NA,"SLX4","intensified","paml_selected",NA,NA,NA,NA,"SLX4"
"OG0004577",79,3.765827,2,0.0231485,0.4032567,NA,"SLX4","intensified","paml_selected",NA,NA,NA,NA,"SLX4"
"OG0004577",797,3.04029,2,0.047821,0.3798428,NA,"SLX4","intensified","paml_selected",NA,NA,NA,NA,"SLX4"
"OG0004577",2239,2.026719,1,0.0440815,0.3796456,NA,"SLX4","intensified","paml_selected",NA,NA,NA,NA,"SLX4"
"OG0004577",101,5.361215,3,0.0133255,0.4863808,NA,"SLX4","intensified","paml_selected",NA,NA,NA,NA,"SLX4"
"OG0004577",1658,2.179146,1,0.0368292,0.3867069,NA,"SLX4","intensified","paml_selected",NA,NA,NA,NA,"SLX4"
"OG0004577",953,3.357263,2,0.0348305,0.3869211,NA,"SLX4","intensified","paml_selected",NA,NA,NA,NA,"SLX4"
"OG0004577",667,3.490981,2,0.030471,0.3958643,NA,"SLX4","intensified","paml_selected",NA,NA,NA,NA,"SLX4"
"OG0004577",813,4.152098,3,0.040126,0.3868748,NA,"SLX4","intensified","paml_selected",NA,NA,NA,NA,"SLX4"
"OG0004577",2357,1.968863,1,0.0472146,0.3809471,NA,"SLX4","intensified","paml_selected",NA,NA,NA,NA,"SLX4"
"OG0004577",1695,2.064174,1,0.0421705,0.382529,NA,"SLX4","intensified","paml_selected",NA,NA,NA,NA,"SLX4"
"OG0004577",1967,2.632337,1,0.0217625,0.4118752,NA,"SLX4","intensified","paml_selected",NA,NA,NA,NA,"SLX4"
"OG0004577",631,4.256201,1,0.0035273,0.491583,NA,"SLX4","intensified","paml_selected",NA,NA,NA,NA,"SLX4"
"OG0004577",2049,3.025229,2,0.0485467,0.3777771,NA,"SLX4","intensified","paml_selected",NA,NA,NA,NA,"SLX4"
"OG0004577",2443,4.280315,2,0.0138383,0.4714247,NA,"SLX4","intensified","paml_selected",NA,NA,NA,NA,"SLX4"
"OG0004577",2070,3.278674,2,0.0376782,0.3929298,NA,"SLX4","intensified","paml_selected",NA,NA,NA,NA,"SLX4"
"OG0004577",2367,5.057899,4,0.0385216,0.393691,NA,"SLX4","intensified","paml_selected",NA,NA,NA,NA,"SLX4"
"OG0004577",1095,3.347001,2,0.0351897,0.3825948,NA,"SLX4","intensified","paml_selected",NA,NA,NA,NA,"SLX4"
"OG0004577",620,2.258746,1,0.03355,0.3896372,NA,"SLX4","intensified","paml_selected",NA,NA,NA,NA,"SLX4"
"OG0004577",2512,2.107126,1,0.0400857,0.3889331,NA,"SLX4","intensified","paml_selected",NA,NA,NA,NA,"SLX4"
"OG0004577",2268,2.107126,1,0.0400857,0.3914104,NA,"SLX4","intensified","paml_selected",NA,NA,NA,NA,"SLX4"
"OG0004577",1354,5.272726,4,0.0321766,0.3853653,NA,"SLX4","intensified","paml_selected",NA,NA,NA,NA,"SLX4"
"OG0004577",2068,4.536165,2,0.0107144,0.4977333,NA,"SLX4","intensified","paml_selected",NA,NA,NA,NA,"SLX4"
"OG0004577",1041,3.080863,2,0.0459196,0.3805121,NA,"SLX4","intensified","paml_selected",NA,NA,NA,NA,"SLX4"
"OG0004577",999,2.760285,1,0.0187941,0.4432524,NA,"SLX4","intensified","paml_selected",NA,NA,NA,NA,"SLX4"
"OG0004577",2402,5.043301,3,0.0178442,0.4799139,NA,"SLX4","intensified","paml_selected",NA,NA,NA,NA,"SLX4"
"OG0004577",724,3.976069,3,0.0470113,0.3833419,NA,"SLX4","intensified","paml_selected",NA,NA,NA,NA,"SLX4"
"OG0004577",432,4.087385,3,0.0425345,0.3835613,NA,"SLX4","intensified","paml_selected",NA,NA,NA,NA,"SLX4"
"OG0004577",869,2.14557,1,0.0383115,0.3941711,NA,"SLX4","intensified","paml_selected",NA,NA,NA,NA,"SLX4"
"OG0004577",2548,4.756896,4,0.0494646,0.3698987,NA,"SLX4","intensified","paml_selected",NA,NA,NA,NA,"SLX4"
"OG0004577",1314,3.192547,2,0.0410671,0.3838776,NA,"SLX4","intensified","paml_selected",NA,NA,NA,NA,"SLX4"
"OG0004577",798,4.570557,3,0.0274723,0.3973124,NA,"SLX4","intensified","paml_selected",NA,NA,NA,NA,"SLX4"
"OG0004577",511,2.095486,1,0.0406398,0.3869614,NA,"SLX4","intensified","paml_selected",NA,NA,NA,NA,"SLX4"
"OG0004577",1272,5.054538,4,0.0386298,0.3921824,NA,"SLX4","intensified","paml_selected",NA,NA,NA,NA,"SLX4"
"OG0004577",570,2.121817,1,0.0393977,0.3921866,NA,"SLX4","intensified","paml_selected",NA,NA,NA,NA,"SLX4"
"OG0004577",534,2.31606,1,0.0313788,0.3879329,NA,"SLX4","intensified","paml_selected",NA,NA,NA,NA,"SLX4"
"OG0004577",1262,3.931075,3,0.0489482,0.3714735,NA,"SLX4","intensified","paml_selected",NA,NA,NA,NA,"SLX4"
"OG0004577",1863,1.921607,1,0.0499477,0.3681242,NA,"SLX4","intensified","paml_selected",NA,NA,NA,NA,"SLX4"
"OG0004577",2190,3.935569,3,0.0487513,0.373679,NA,"SLX4","intensified","paml_selected",NA,NA,NA,NA,"SLX4"
"OG0004577",470,2.417758,1,0.0278793,0.395731,NA,"SLX4","intensified","paml_selected",NA,NA,NA,NA,"SLX4"
"OG0004577",1249,3.077657,1,0.0131018,0.5021259,NA,"SLX4","intensified","paml_selected",NA,NA,NA,NA,"SLX4"
"OG0004577",1648,5.637391,3,0.0103291,0.5278193,NA,"SLX4","intensified","paml_selected",NA,NA,NA,NA,"SLX4"
"OG0004577",1960,3.642786,2,0.0261793,0.4095191,NA,"SLX4","intensified","paml_selected",NA,NA,NA,NA,"SLX4"
"OG0004577",96,1.94415,1,0.0486236,0.3764648,NA,"SLX4","intensified","paml_selected",NA,NA,NA,NA,"SLX4"
"OG0004577",583,5.186044,3,0.0156542,0.4614974,NA,"SLX4","intensified","paml_selected",NA,NA,NA,NA,"SLX4"
"OG0004577",2013,3.191902,2,0.0410936,0.3817972,NA,"SLX4","intensified","paml_selected",NA,NA,NA,NA,"SLX4"
"OG0004577",1874,4.989209,3,0.0187505,0.4562617,NA,"SLX4","intensified","paml_selected",NA,NA,NA,NA,"SLX4"
"OG0004577",1954,3.270547,2,0.0379856,0.3934593,NA,"SLX4","intensified","paml_selected",NA,NA,NA,NA,"SLX4"
"OG0004577",2359,1.968863,1,0.0472146,0.3789527,NA,"SLX4","intensified","paml_selected",NA,NA,NA,NA,"SLX4"
"OG0004577",582,1.927245,1,0.049613,0.3692074,NA,"SLX4","intensified","paml_selected",NA,NA,NA,NA,"SLX4"
"OG0004577",2147,4.008278,3,0.0456708,0.3805072,NA,"SLX4","intensified","paml_selected",NA,NA,NA,NA,"SLX4"
"OG0004577",1793,2.693353,1,0.0202907,0.4261054,NA,"SLX4","intensified","paml_selected",NA,NA,NA,NA,"SLX4"
"OG0004577",2093,2.628699,1,0.0218537,0.4036346,NA,"SLX4","intensified","paml_selected",NA,NA,NA,NA,"SLX4"
"OG0004577",690,4.277355,3,0.0358363,0.3868806,NA,"SLX4","intensified","paml_selected",NA,NA,NA,NA,"SLX4"
"OG0004577",959,3.44401,2,0.0319364,0.388559,NA,"SLX4","intensified","paml_selected",NA,NA,NA,NA,"SLX4"
"OG0004577",1688,3.712898,2,0.0244067,0.4157272,NA,"SLX4","intensified","paml_selected",NA,NA,NA,NA,"SLX4"
"OG0004577",2369,4.645443,3,0.0256633,0.4230298,NA,"SLX4","intensified","paml_selected",NA,NA,NA,NA,"SLX4"
"OG0004577",960,3.089433,2,0.0455277,0.3813882,NA,"SLX4","intensified","paml_selected",NA,NA,NA,NA,"SLX4"
"OG0004577",2173,3.838451,2,0.0215269,0.4177314,NA,"SLX4","intensified","paml_selected",NA,NA,NA,NA,"SLX4"
"OG0004577",1419,3.909066,3,0.0499238,0.3697252,NA,"SLX4","intensified","paml_selected",NA,NA,NA,NA,"SLX4"
"OG0004577",2360,1.968863,1,0.0472146,0.3769789,NA,"SLX4","intensified","paml_selected",NA,NA,NA,NA,"SLX4"
"OG0004577",1069,1.97896,1,0.0466513,0.3824408,NA,"SLX4","intensified","paml_selected",NA,NA,NA,NA,"SLX4"
"OG0004577",2078,1.939694,1,0.0488824,0.3728193,NA,"SLX4","intensified","paml_selected",NA,NA,NA,NA,"SLX4"
"OG0004577",2015,3.823968,2,0.021841,0.4083196,NA,"SLX4","intensified","paml_selected",NA,NA,NA,NA,"SLX4"
"OG0004577",159,4.588275,3,0.0270334,0.398482,NA,"SLX4","intensified","paml_selected",NA,NA,NA,NA,"SLX4"
"OG0004577",2148,4.596588,3,0.0268298,0.3993207,NA,"SLX4","intensified","paml_selected",NA,NA,NA,NA,"SLX4"
"OG0004577",885,3.52429,2,0.0294727,0.3928844,NA,"SLX4","intensified","paml_selected",NA,NA,NA,NA,"SLX4"
"OG0004577",2567,2.194983,1,0.0361511,0.3848581,NA,"SLX4","intensified","paml_selected",NA,NA,NA,NA,"SLX4"
"OG0004577",664,4.138204,3,0.0406316,0.3893015,NA,"SLX4","intensified","paml_selected",NA,NA,NA,NA,"SLX4"
"OG0004577",1605,4.975956,4,0.0412456,0.3809002,NA,"SLX4","intensified","paml_selected",NA,NA,NA,NA,"SLX4"
"OG0004577",627,3.074439,2,0.0462156,0.3809057,NA,"SLX4","intensified","paml_selected",NA,NA,NA,NA,"SLX4"
"OG0004577",925,2.374971,1,0.0292993,0.3939981,NA,"SLX4","intensified","paml_selected",NA,NA,NA,NA,"SLX4"
"OG0004577",2129,2.310083,1,0.0315982,0.3875203,NA,"SLX4","intensified","paml_selected",NA,NA,NA,NA,"SLX4"
"OG0004577",1806,1.921043,1,0.0499813,0.3648634,NA,"SLX4","intensified","paml_selected",NA,NA,NA,NA,"SLX4"
"OG0004577",1840,4.000493,2,0.0183066,0.4756615,NA,"SLX4","intensified","paml_selected",NA,NA,NA,NA,"SLX4"
"OG0004577",1833,2.533824,1,0.0243764,0.4198772,NA,"SLX4","intensified","paml_selected",NA,NA,NA,NA,"SLX4"
"OG0004577",556,4.776071,4,0.0486868,0.3750596,NA,"SLX4","intensified","paml_selected",NA,NA,NA,NA,"SLX4"
"OG0004577",552,4.838816,3,0.0215148,0.4228493,NA,"SLX4","intensified","paml_selected",NA,NA,NA,NA,"SLX4"
"OG0004577",207,4.046363,3,0.0441337,0.377972,NA,"SLX4","intensified","paml_selected",NA,NA,NA,NA,"SLX4"
"OG0004577",2053,2.379901,1,0.0291319,0.3952141,NA,"SLX4","intensified","paml_selected",NA,NA,NA,NA,"SLX4"
"OG0004815",1462,4.626054,3,0.0261201,0.263713,"absrel_selected","TULP4","intensified","paml_selected",NA,NA,NA,NA,"TULP4"
"OG0004815",1196,2.047558,1,0.0430073,0.2565776,"absrel_selected","TULP4","intensified","paml_selected",NA,NA,NA,NA,"TULP4"
"OG0004815",2006,3.155102,2,0.042634,0.2572744,"absrel_selected","TULP4","intensified","paml_selected",NA,NA,NA,NA,"TULP4"
"OG0004815",1542,4.072305,2,0.0170381,0.2353944,"absrel_selected","TULP4","intensified","paml_selected",NA,NA,NA,NA,"TULP4"
"OG0004815",963,3.572573,1,0.0075167,0.2630849,"absrel_selected","TULP4","intensified","paml_selected",NA,NA,NA,NA,"TULP4"
"OG0004815",1675,3.236375,1,0.0109541,0.2053891,"absrel_selected","TULP4","intensified","paml_selected",NA,NA,NA,NA,"TULP4"
"OG0004815",1700,3.632234,1,0.0070332,0.2840333,"absrel_selected","TULP4","intensified","paml_selected",NA,NA,NA,NA,"TULP4"
"OG0004815",298,2.465566,1,0.026377,0.2612819,"absrel_selected","TULP4","intensified","paml_selected",NA,NA,NA,NA,"TULP4"
"OG0004815",1144,2.041896,1,0.0432964,0.2554002,"absrel_selected","TULP4","intensified","paml_selected",NA,NA,NA,NA,"TULP4"
"OG0004815",1503,2.28925,1,0.0323755,0.2655805,"absrel_selected","TULP4","intensified","paml_selected",NA,NA,NA,NA,"TULP4"
"OG0004815",1893,1.921251,1,0.0499689,0.218614,"absrel_selected","TULP4","intensified","paml_selected",NA,NA,NA,NA,"TULP4"
"OG0004815",1354,2.666006,1,0.0209372,0.2556287,"absrel_selected","TULP4","intensified","paml_selected",NA,NA,NA,NA,"TULP4"
"OG0004815",1656,5.397393,3,0.0128889,0.1933338,"absrel_selected","TULP4","intensified","paml_selected",NA,NA,NA,NA,"TULP4"
"OG0004815",1833,3.483578,1,0.0083019,0.2075483,"absrel_selected","TULP4","intensified","paml_selected",NA,NA,NA,NA,"TULP4"
"OG0004815",1802,1.921251,1,0.0499689,0.2098694,"absrel_selected","TULP4","intensified","paml_selected",NA,NA,NA,NA,"TULP4"
"OG0004815",1034,5.777727,2,0.0030957,0.541755,"absrel_selected","TULP4","intensified","paml_selected",NA,NA,NA,NA,"TULP4"
"OG0004815",1806,1.921251,1,0.0499689,0.2082038,"absrel_selected","TULP4","intensified","paml_selected",NA,NA,NA,NA,"TULP4"
"OG0004815",2004,3.213442,1,0.0112406,0.1967098,"absrel_selected","TULP4","intensified","paml_selected",NA,NA,NA,NA,"TULP4"
"OG0004815",1838,3.263758,1,0.0106218,0.2230582,"absrel_selected","TULP4","intensified","paml_selected",NA,NA,NA,NA,"TULP4"
"OG0004815",1248,5.340371,2,0.0047941,0.5033799,"absrel_selected","TULP4","intensified","paml_selected",NA,NA,NA,NA,"TULP4"
"OG0004815",1761,2.590725,1,0.0228293,0.2663414,"absrel_selected","TULP4","intensified","paml_selected",NA,NA,NA,NA,"TULP4"
"OG0004815",253,1.93236,1,0.0493114,0.2641684,"absrel_selected","TULP4","intensified","paml_selected",NA,NA,NA,NA,"TULP4"
"OG0004815",563,2.275999,1,0.0328803,0.2615482,"absrel_selected","TULP4","intensified","paml_selected",NA,NA,NA,NA,"TULP4"
"OG0004815",1502,2.675886,1,0.0207012,0.2587652,"absrel_selected","TULP4","intensified","paml_selected",NA,NA,NA,NA,"TULP4"
"OG0004815",2003,2.289194,1,0.0323777,0.2615119,"absrel_selected","TULP4","intensified","paml_selected",NA,NA,NA,NA,"TULP4"
"OG0004815",566,3.238689,1,0.0109256,0.2124423,"absrel_selected","TULP4","intensified","paml_selected",NA,NA,NA,NA,"TULP4"
"OG0004815",1850,3.292504,1,0.0102841,0.224965,"absrel_selected","TULP4","intensified","paml_selected",NA,NA,NA,NA,"TULP4"
"OG0004815",1705,3.635297,1,0.0070093,0.3066553,"absrel_selected","TULP4","intensified","paml_selected",NA,NA,NA,NA,"TULP4"
"OG0004815",1408,2.246831,1,0.0340207,0.2515616,"absrel_selected","TULP4","intensified","paml_selected",NA,NA,NA,NA,"TULP4"
"OG0004815",1905,1.921251,1,0.0499689,0.2049506,"absrel_selected","TULP4","intensified","paml_selected",NA,NA,NA,NA,"TULP4"
"OG0004815",497,3.203763,2,0.0406091,0.2508211,"absrel_selected","TULP4","intensified","paml_selected",NA,NA,NA,NA,"TULP4"
"OG0004815",1733,1.998977,1,0.0455555,0.2599636,"absrel_selected","TULP4","intensified","paml_selected",NA,NA,NA,NA,"TULP4"
"OG0004815",1701,3.013781,2,0.0491056,0.2685465,"absrel_selected","TULP4","intensified","paml_selected",NA,NA,NA,NA,"TULP4"
"OG0004815",712,3.584641,2,0.0277466,0.2601246,"absrel_selected","TULP4","intensified","paml_selected",NA,NA,NA,NA,"TULP4"
"OG0004815",895,4.184071,2,0.0152363,0.2161914,"absrel_selected","TULP4","intensified","paml_selected",NA,NA,NA,NA,"TULP4"
"OG0004815",1090,1.938015,1,0.0489803,0.27356,"absrel_selected","TULP4","intensified","paml_selected",NA,NA,NA,NA,"TULP4"
"OG0004815",1952,1.921254,1,0.0499687,0.2522459,"absrel_selected","TULP4","intensified","paml_selected",NA,NA,NA,NA,"TULP4"
"OG0004815",713,3.811321,1,0.005764,0.4323,"absrel_selected","TULP4","intensified","paml_selected",NA,NA,NA,NA,"TULP4"
"OG0004815",1729,1.921251,1,0.0499689,0.2204511,"absrel_selected","TULP4","intensified","paml_selected",NA,NA,NA,NA,"TULP4"
"OG0004815",1281,2.269486,1,0.0331315,0.2557945,"absrel_selected","TULP4","intensified","paml_selected",NA,NA,NA,NA,"TULP4"
"OG0004815",1781,4.412235,1,0.0029722,1.5603922,"absrel_selected","TULP4","intensified","paml_selected",NA,NA,NA,NA,"TULP4"
"OG0004815",1789,3.949841,1,0.0049443,0.4326304,"absrel_selected","TULP4","intensified","paml_selected",NA,NA,NA,NA,"TULP4"
"OG0004815",1740,3.247891,2,0.0388561,0.2487736,"absrel_selected","TULP4","intensified","paml_selected",NA,NA,NA,NA,"TULP4"
"OG0004815",1910,3.563758,1,0.007591,0.249079,"absrel_selected","TULP4","intensified","paml_selected",NA,NA,NA,NA,"TULP4"
"OG0004815",1257,2.829044,1,0.0173751,0.2338949,"absrel_selected","TULP4","intensified","paml_selected",NA,NA,NA,NA,"TULP4"
"OG0004815",1455,3.760202,2,0.023279,0.2600317,"absrel_selected","TULP4","intensified","paml_selected",NA,NA,NA,NA,"TULP4"
"OG0004815",1453,3.3563,2,0.034864,0.247346,"absrel_selected","TULP4","intensified","paml_selected",NA,NA,NA,NA,"TULP4"
"OG0004815",1464,6.012022,5,0.0344598,0.2478274,"absrel_selected","TULP4","intensified","paml_selected",NA,NA,NA,NA,"TULP4"
"OG0004815",1728,3.093612,2,0.0453379,0.2615647,"absrel_selected","TULP4","intensified","paml_selected",NA,NA,NA,NA,"TULP4"
"OG0004815",291,3.589106,1,0.0073794,0.2767282,"absrel_selected","TULP4","intensified","paml_selected",NA,NA,NA,NA,"TULP4"
"OG0004815",1592,2.191035,1,0.0363189,0.250887,"absrel_selected","TULP4","intensified","paml_selected",NA,NA,NA,NA,"TULP4"
"OG0004815",1400,3.245123,1,0.0108468,0.2190218,"absrel_selected","TULP4","intensified","paml_selected",NA,NA,NA,NA,"TULP4"
"OG0004815",1723,1.931955,1,0.0493352,0.2616262,"absrel_selected","TULP4","intensified","paml_selected",NA,NA,NA,NA,"TULP4"
"OG0004815",1480,3.155834,1,0.0119946,0.1852107,"absrel_selected","TULP4","intensified","paml_selected",NA,NA,NA,NA,"TULP4"
"OG0004815",1831,3.786348,1,0.0059259,0.3888879,"absrel_selected","TULP4","intensified","paml_selected",NA,NA,NA,NA,"TULP4"
"OG0004815",1443,3.541376,2,0.0289734,0.2622596,"absrel_selected","TULP4","intensified","paml_selected",NA,NA,NA,NA,"TULP4"
"OG0004815",1648,5.544267,3,0.0112566,0.1906368,"absrel_selected","TULP4","intensified","paml_selected",NA,NA,NA,NA,"TULP4"
"OG0004815",675,3.635297,1,0.0070093,0.334533,"absrel_selected","TULP4","intensified","paml_selected",NA,NA,NA,NA,"TULP4"
"OG0004815",1620,2.259919,1,0.033504,0.2549217,"absrel_selected","TULP4","intensified","paml_selected",NA,NA,NA,NA,"TULP4"
"OG0004815",1651,6.17075,5,0.0303965,0.2659695,"absrel_selected","TULP4","intensified","paml_selected",NA,NA,NA,NA,"TULP4"
"OG0004815",690,2.505352,1,0.0251911,0.2645061,"absrel_selected","TULP4","intensified","paml_selected",NA,NA,NA,NA,"TULP4"
"OG0004815",116,1.921251,1,0.0499689,0.2168073,"absrel_selected","TULP4","intensified","paml_selected",NA,NA,NA,NA,"TULP4"
"OG0004815",1794,2.329908,1,0.0308765,0.2657403,"absrel_selected","TULP4","intensified","paml_selected",NA,NA,NA,NA,"TULP4"
"OG0004815",1349,3.914671,3,0.0496735,0.2607861,"absrel_selected","TULP4","intensified","paml_selected",NA,NA,NA,NA,"TULP4"
"OG0004815",1485,2.20827,1,0.0355922,0.2491451,"absrel_selected","TULP4","intensified","paml_selected",NA,NA,NA,NA,"TULP4"
"OG0004815",1541,4.228121,3,0.0374661,0.255451,"absrel_selected","TULP4","intensified","paml_selected",NA,NA,NA,NA,"TULP4"
"OG0004815",1423,4.188591,3,0.0388269,0.2516561,"absrel_selected","TULP4","intensified","paml_selected",NA,NA,NA,NA,"TULP4"
"OG0004815",289,3.664541,1,0.0067848,0.3957784,"absrel_selected","TULP4","intensified","paml_selected",NA,NA,NA,NA,"TULP4"
"OG0004815",1393,3.643173,1,0.0069481,0.3647734,"absrel_selected","TULP4","intensified","paml_selected",NA,NA,NA,NA,"TULP4"
"OG0004815",1913,1.921251,1,0.0499689,0.2033619,"absrel_selected","TULP4","intensified","paml_selected",NA,NA,NA,NA,"TULP4"
"OG0004815",1715,1.921251,1,0.0499689,0.23012,"absrel_selected","TULP4","intensified","paml_selected",NA,NA,NA,NA,"TULP4"
"OG0004815",1162,3.577144,2,0.0279554,0.2574843,"absrel_selected","TULP4","intensified","paml_selected",NA,NA,NA,NA,"TULP4"
"OG0004815",114,2.363899,1,0.0296788,0.2640914,"absrel_selected","TULP4","intensified","paml_selected",NA,NA,NA,NA,"TULP4"
"OG0004815",1086,1.921251,1,0.0499689,0.238488,"absrel_selected","TULP4","intensified","paml_selected",NA,NA,NA,NA,"TULP4"
"OG0004815",1271,3.193737,1,0.0114928,0.1828407,"absrel_selected","TULP4","intensified","paml_selected",NA,NA,NA,NA,"TULP4"
"OG0004815",996,3.425802,1,0.0088562,0.2021517,"absrel_selected","TULP4","intensified","paml_selected",NA,NA,NA,NA,"TULP4"
"OG0004815",979,1.921127,1,0.0499763,0.2018275,"absrel_selected","TULP4","intensified","paml_selected",NA,NA,NA,NA,"TULP4"
"OG0004815",614,2.275999,1,0.0328803,0.2576445,"absrel_selected","TULP4","intensified","paml_selected",NA,NA,NA,NA,"TULP4"
"OG0004815",1548,3.231184,2,0.0395107,0.2499171,"absrel_selected","TULP4","intensified","paml_selected",NA,NA,NA,NA,"TULP4"
"OG0004815",1687,5.874055,3,0.0082978,0.2178166,"absrel_selected","TULP4","intensified","paml_selected",NA,NA,NA,NA,"TULP4"
"OG0004815",1990,1.921127,1,0.0499763,0.1860821,"absrel_selected","TULP4","intensified","paml_selected",NA,NA,NA,NA,"TULP4"
"OG0004815",2021,3.563758,1,0.007591,0.2344273,"absrel_selected","TULP4","intensified","paml_selected",NA,NA,NA,NA,"TULP4"
"OG0004815",672,2.583326,1,0.0230245,0.2627801,"absrel_selected","TULP4","intensified","paml_selected",NA,NA,NA,NA,"TULP4"
"OG0004815",1240,5.799415,2,0.0030293,0.795198,"absrel_selected","TULP4","intensified","paml_selected",NA,NA,NA,NA,"TULP4"
"OG0004815",1411,3.214762,1,0.0112239,0.2031906,"absrel_selected","TULP4","intensified","paml_selected",NA,NA,NA,NA,"TULP4"
"OG0004815",1677,1.921251,1,0.0499689,0.2342293,"absrel_selected","TULP4","intensified","paml_selected",NA,NA,NA,NA,"TULP4"
"OG0004815",646,2.722335,1,0.0196281,0.2513357,"absrel_selected","TULP4","intensified","paml_selected",NA,NA,NA,NA,"TULP4"
"OG0004815",1758,1.921251,1,0.0499689,0.213282,"absrel_selected","TULP4","intensified","paml_selected",NA,NA,NA,NA,"TULP4"
"OG0004815",1672,2.506159,1,0.0251676,0.2696528,"absrel_selected","TULP4","intensified","paml_selected",NA,NA,NA,NA,"TULP4"
"OG0004815",1232,4.019236,1,0.0045794,0.6010485,"absrel_selected","TULP4","intensified","paml_selected",NA,NA,NA,NA,"TULP4"
"OG0004815",588,2.632786,1,0.0217513,0.2595323,"absrel_selected","TULP4","intensified","paml_selected",NA,NA,NA,NA,"TULP4"
"OG0004815",615,1.921251,1,0.0499689,0.2429045,"absrel_selected","TULP4","intensified","paml_selected",NA,NA,NA,NA,"TULP4"
"OG0004815",233,1.93236,1,0.0493114,0.2668918,"absrel_selected","TULP4","intensified","paml_selected",NA,NA,NA,NA,"TULP4"
"OG0004815",1395,2.147676,1,0.0382167,0.2539715,"absrel_selected","TULP4","intensified","paml_selected",NA,NA,NA,NA,"TULP4"
"OG0004815",657,2.324344,1,0.0310773,0.2589775,"absrel_selected","TULP4","intensified","paml_selected",NA,NA,NA,NA,"TULP4"
"OG0004815",658,2.324344,1,0.0310773,0.2631545,"absrel_selected","TULP4","intensified","paml_selected",NA,NA,NA,NA,"TULP4"
"OG0004815",1804,1.921251,1,0.0499689,0.2261524,"absrel_selected","TULP4","intensified","paml_selected",NA,NA,NA,NA,"TULP4"
"OG0004815",1827,1.921251,1,0.0499689,0.2065644,"absrel_selected","TULP4","intensified","paml_selected",NA,NA,NA,NA,"TULP4"
"OG0004815",492,2.465566,1,0.026377,0.2564434,"absrel_selected","TULP4","intensified","paml_selected",NA,NA,NA,NA,"TULP4"
"OG0004815",1693,1.997575,1,0.0456314,0.2575966,"absrel_selected","TULP4","intensified","paml_selected",NA,NA,NA,NA,"TULP4"
"OG0004815",1625,1.921251,1,0.0499689,0.2363395,"absrel_selected","TULP4","intensified","paml_selected",NA,NA,NA,NA,"TULP4"
"OG0004815",1288,3.526178,1,0.0079161,0.2187345,"absrel_selected","TULP4","intensified","paml_selected",NA,NA,NA,NA,"TULP4"
"OG0004815",1072,1.921251,1,0.0499689,0.240676,"absrel_selected","TULP4","intensified","paml_selected",NA,NA,NA,NA,"TULP4"
"OG0004815",1071,1.921251,1,0.0499689,0.2150302,"absrel_selected","TULP4","intensified","paml_selected",NA,NA,NA,NA,"TULP4"
"OG0004815",1691,2.525968,1,0.0245984,0.2690453,"absrel_selected","TULP4","intensified","paml_selected",NA,NA,NA,NA,"TULP4"
"OG0004815",285,1.921251,1,0.0499689,0.2498446,"absrel_selected","TULP4","intensified","paml_selected",NA,NA,NA,NA,"TULP4"
"OG0004815",1851,1.921251,1,0.0499689,0.2223193,"absrel_selected","TULP4","intensified","paml_selected",NA,NA,NA,NA,"TULP4"
"OG0004815",1415,2.145979,1,0.038293,0.251298,"absrel_selected","TULP4","intensified","paml_selected",NA,NA,NA,NA,"TULP4"
"OG0004815",1428,2.246831,1,0.0340207,0.2480677,"absrel_selected","TULP4","intensified","paml_selected",NA,NA,NA,NA,"TULP4"
"OG0004815",1708,1.921127,1,0.0499763,0.1887595,"absrel_selected","TULP4","intensified","paml_selected",NA,NA,NA,NA,"TULP4"
"OG0004815",1774,1.921251,1,0.0499689,0.228119,"absrel_selected","TULP4","intensified","paml_selected",NA,NA,NA,NA,"TULP4"
"OG0004815",1714,1.921251,1,0.0499689,0.2321565,"absrel_selected","TULP4","intensified","paml_selected",NA,NA,NA,NA,"TULP4"
"OG0004815",1180,3.561214,1,0.0076126,0.2220329,"absrel_selected","TULP4","intensified","paml_selected",NA,NA,NA,NA,"TULP4"
"OG0004815",1996,3.209383,1,0.0112921,0.1852604,"absrel_selected","TULP4","intensified","paml_selected",NA,NA,NA,NA,"TULP4"
"OG0004815",1195,3.456137,1,0.0085606,0.2042872,"absrel_selected","TULP4","intensified","paml_selected",NA,NA,NA,NA,"TULP4"
"OG0004815",1203,2.737526,1,0.0192898,0.2531784,"absrel_selected","TULP4","intensified","paml_selected",NA,NA,NA,NA,"TULP4"
"OG0004815",1593,2.258441,1,0.0335619,0.2517146,"absrel_selected","TULP4","intensified","paml_selected",NA,NA,NA,NA,"TULP4"
"OG0004815",1890,2.066512,1,0.0420542,0.256726,"absrel_selected","TULP4","intensified","paml_selected",NA,NA,NA,NA,"TULP4"
"OG0004815",564,1.921251,1,0.0499689,0.2451746,"absrel_selected","TULP4","intensified","paml_selected",NA,NA,NA,NA,"TULP4"
"OG0004815",443,1.921251,1,0.0499689,0.2474876,"absrel_selected","TULP4","intensified","paml_selected",NA,NA,NA,NA,"TULP4"
"OG0004815",1854,1.921254,1,0.0499687,0.2546949,"absrel_selected","TULP4","intensified","paml_selected",NA,NA,NA,NA,"TULP4"
"OG0004815",927,2.499322,1,0.0253672,0.2611328,"absrel_selected","TULP4","intensified","paml_selected",NA,NA,NA,NA,"TULP4"
"OG0004815",1868,1.937791,1,0.0489933,0.2707525,"absrel_selected","TULP4","intensified","paml_selected",NA,NA,NA,NA,"TULP4"
"OG0004815",1686,3.123989,2,0.0439814,0.256558,"absrel_selected","TULP4","intensified","paml_selected",NA,NA,NA,NA,"TULP4"
"OG0004815",1688,1.921127,1,0.0499763,0.1901273,"absrel_selected","TULP4","intensified","paml_selected",NA,NA,NA,NA,"TULP4"
"OG0004815",1076,1.921127,1,0.0499763,0.1915151,"absrel_selected","TULP4","intensified","paml_selected",NA,NA,NA,NA,"TULP4"
"OG0004815",1927,3.225771,2,0.0397251,0.2482821,"absrel_selected","TULP4","intensified","paml_selected",NA,NA,NA,NA,"TULP4"
"OG0004815",1331,2.427939,1,0.0275521,0.2629973,"absrel_selected","TULP4","intensified","paml_selected",NA,NA,NA,NA,"TULP4"
"OG0004815",545,1.921127,1,0.0499763,0.197275,"absrel_selected","TULP4","intensified","paml_selected",NA,NA,NA,NA,"TULP4"
"OG0004815",1639,5.076109,4,0.0379402,0.2553666,"absrel_selected","TULP4","intensified","paml_selected",NA,NA,NA,NA,"TULP4"
"OG0004815",569,1.921127,1,0.0499763,0.1958028,"absrel_selected","TULP4","intensified","paml_selected",NA,NA,NA,NA,"TULP4"
"OG0004815",998,1.921127,1,0.0499763,0.2002868,"absrel_selected","TULP4","intensified","paml_selected",NA,NA,NA,NA,"TULP4"
"OG0004815",1923,1.921127,1,0.0499763,0.1987695,"absrel_selected","TULP4","intensified","paml_selected",NA,NA,NA,NA,"TULP4"
"OG0004815",1815,1.921127,1,0.0499763,0.1874112,"absrel_selected","TULP4","intensified","paml_selected",NA,NA,NA,NA,"TULP4"
"OG0004815",962,1.921127,1,0.0499763,0.1929233,"absrel_selected","TULP4","intensified","paml_selected",NA,NA,NA,NA,"TULP4"
"OG0004815",1818,1.921251,1,0.0499689,0.2242195,"absrel_selected","TULP4","intensified","paml_selected",NA,NA,NA,NA,"TULP4"
"OG0004815",1727,5.325519,3,0.0137706,0.2008205,"absrel_selected","TULP4","intensified","paml_selected",NA,NA,NA,NA,"TULP4"
"OG0004815",1762,1.921251,1,0.0499689,0.2115619,"absrel_selected","TULP4","intensified","paml_selected",NA,NA,NA,NA,"TULP4"
"OG0004815",1790,1.921254,1,0.0499687,0.2571919,"absrel_selected","TULP4","intensified","paml_selected",NA,NA,NA,NA,"TULP4"
"OG0004815",595,1.921127,1,0.0499763,0.1943524,"absrel_selected","TULP4","intensified","paml_selected",NA,NA,NA,NA,"TULP4"
"OG0004815",1751,1.921254,1,0.0499687,0.2597383,"absrel_selected","TULP4","intensified","paml_selected",NA,NA,NA,NA,"TULP4"
"OG0006528",256,2.599946,1,0.0225883,0.6927076,"absrel_selected","EIF4E3","intensified","paml_selected",NA,NA,NA,NA,"EIF4E3"
"OG0006528",352,5.073511,4,0.0380226,0.499726,"absrel_selected","EIF4E3","intensified","paml_selected",NA,NA,NA,NA,"EIF4E3"
"OG0006528",111,2.095412,1,0.0406433,0.4154653,"absrel_selected","EIF4E3","intensified","paml_selected",NA,NA,NA,NA,"EIF4E3"
"OG0006528",154,2.106192,1,0.0401299,0.4614938,"absrel_selected","EIF4E3","intensified","paml_selected",NA,NA,NA,NA,"EIF4E3"
"OG0006528",88,5.121387,4,0.0365308,0.5601395,"absrel_selected","EIF4E3","intensified","paml_selected",NA,NA,NA,NA,"EIF4E3"
"OG0006528",313,3.474062,1,0.0083907,0.3859729,"absrel_selected","EIF4E3","intensified","paml_selected",NA,NA,NA,NA,"EIF4E3"
"OG0006528",118,2.513079,1,0.0249672,0.5742465,"absrel_selected","EIF4E3","intensified","paml_selected",NA,NA,NA,NA,"EIF4E3"
"OG0006528",220,1.952578,1,0.0481382,0.4428713,"absrel_selected","EIF4E3","intensified","paml_selected",NA,NA,NA,NA,"EIF4E3"
"OG0006528",325,4.299469,1,0.0033636,0.3094503,"absrel_selected","EIF4E3","intensified","paml_selected",NA,NA,NA,NA,"EIF4E3"
"OG0006528",312,2.196607,1,0.0360822,0.6639131,"absrel_selected","EIF4E3","intensified","paml_selected",NA,NA,NA,NA,"EIF4E3"
"OG0006639",224,2.887824,1,0.0162497,0.6937387,NA,"CENPI","intensified","paml_selected",NA,NA,NA,NA,"CENPI"
"OG0006639",749,2.090091,1,0.0408993,0.4053413,NA,"CENPI","intensified","paml_selected",NA,NA,NA,NA,"CENPI"
"OG0006639",69,2.095751,1,0.0406271,0.4175564,NA,"CENPI","intensified","paml_selected",NA,NA,NA,NA,"CENPI"
"OG0006639",440,3.36428,2,0.0345869,0.4681888,NA,"CENPI","intensified","paml_selected",NA,NA,NA,NA,"CENPI"
"OG0006639",790,3.388264,1,0.0092364,0.4660204,NA,"CENPI","intensified","paml_selected",NA,NA,NA,NA,"CENPI"
"OG0006639",187,1.968635,1,0.0472274,0.340405,NA,"CENPI","intensified","paml_selected",NA,NA,NA,NA,"CENPI"
"OG0006639",739,4.90263,2,0.007427,0.6869996,NA,"CENPI","intensified","paml_selected",NA,NA,NA,NA,"CENPI"
"OG0006639",271,2.390344,1,0.0287806,0.4437012,NA,"CENPI","intensified","paml_selected",NA,NA,NA,NA,"CENPI"
"OG0006639",190,2.704878,1,0.0200245,0.5051639,NA,"CENPI","intensified","paml_selected",NA,NA,NA,NA,"CENPI"
"OG0006639",504,2.09007,1,0.0409003,0.3847402,NA,"CENPI","intensified","paml_selected",NA,NA,NA,NA,"CENPI"
"OG0006639",526,2.725564,1,0.0195557,0.5168289,NA,"CENPI","intensified","paml_selected",NA,NA,NA,NA,"CENPI"
"OG0006639",355,4.009087,2,0.01815,0.6295764,NA,"CENPI","intensified","paml_selected",NA,NA,NA,NA,"CENPI"
"OG0006639",500,1.968635,1,0.0472274,0.344884,NA,"CENPI","intensified","paml_selected",NA,NA,NA,NA,"CENPI"
"OG0006639",181,3.148852,1,0.0120894,0.5591368,NA,"CENPI","intensified","paml_selected",NA,NA,NA,NA,"CENPI"
"OG0006639",750,3.54917,1,0.0077155,0.6117319,NA,"CENPI","intensified","paml_selected",NA,NA,NA,NA,"CENPI"
"OG0006639",23,2.613446,1,0.0222402,0.4571605,NA,"CENPI","intensified","paml_selected",NA,NA,NA,NA,"CENPI"
"OG0006639",532,3.975495,3,0.0470355,0.348063,NA,"CENPI","intensified","paml_selected",NA,NA,NA,NA,"CENPI"
"OG0006639",701,2.225835,1,0.0348671,0.4607443,NA,"CENPI","intensified","paml_selected",NA,NA,NA,NA,"CENPI"
"OG0006639",105,3.586678,2,0.0276902,0.452001,NA,"CENPI","intensified","paml_selected",NA,NA,NA,NA,"CENPI"
"OG0006639",129,3.588571,1,0.0073838,0.8196046,NA,"CENPI","intensified","paml_selected",NA,NA,NA,NA,"CENPI"
"OG0006639",161,3.60837,2,0.027096,0.4557048,NA,"CENPI","intensified","paml_selected",NA,NA,NA,NA,"CENPI"
"OG0006639",75,3.851006,1,0.0055159,1.5306709,NA,"CENPI","intensified","paml_selected",NA,NA,NA,NA,"CENPI"
"OG0006639",193,2.392532,1,0.0287076,0.4552203,NA,"CENPI","intensified","paml_selected",NA,NA,NA,NA,"CENPI"
"OG0006639",99,1.946535,1,0.0484857,0.3406276,NA,"CENPI","intensified","paml_selected",NA,NA,NA,NA,"CENPI"
"OG0006639",546,2.099796,1,0.0404337,0.4234094,NA,"CENPI","intensified","paml_selected",NA,NA,NA,NA,"CENPI"
"OG0006639",233,3.89373,2,0.0203692,0.4915181,NA,"CENPI","intensified","paml_selected",NA,NA,NA,NA,"CENPI"
"OG0006639",686,2.184286,1,0.0366077,0.4416794,NA,"CENPI","intensified","paml_selected",NA,NA,NA,NA,"CENPI"
"OG0006639",167,2.157853,1,0.0377621,0.4277134,NA,"CENPI","intensified","paml_selected",NA,NA,NA,NA,"CENPI"
"OG0006639",600,2.042684,1,0.043256,0.3479289,NA,"CENPI","intensified","paml_selected",NA,NA,NA,NA,"CENPI"
"OG0006639",578,5.800723,4,0.0205747,0.4757896,NA,"CENPI","intensified","paml_selected",NA,NA,NA,NA,"CENPI"
"OG0006639",695,3.593033,1,0.0073472,1.0194226,NA,"CENPI","intensified","paml_selected",NA,NA,NA,NA,"CENPI"
"OG0006639",491,2.169622,1,0.0372435,0.4397897,NA,"CENPI","intensified","paml_selected",NA,NA,NA,NA,"CENPI"
"OG0006639",160,3.868343,2,0.020893,0.4638235,NA,"CENPI","intensified","paml_selected",NA,NA,NA,NA,"CENPI"
"OG0006639",635,2.051681,1,0.042798,0.3598926,NA,"CENPI","intensified","paml_selected",NA,NA,NA,NA,"CENPI"
"OG0006639",478,3.454825,2,0.0315928,0.4614218,NA,"CENPI","intensified","paml_selected",NA,NA,NA,NA,"CENPI"
"OG0006639",602,2.101437,1,0.0403555,0.4307176,NA,"CENPI","intensified","paml_selected",NA,NA,NA,NA,"CENPI"
"OG0006639",52,2.187507,1,0.0364695,0.4497907,NA,"CENPI","intensified","paml_selected",NA,NA,NA,NA,"CENPI"
"OG0006639",613,1.958961,1,0.0477739,0.3399295,NA,"CENPI","intensified","paml_selected",NA,NA,NA,NA,"CENPI"
"OG0006639",656,3.760086,1,0.0061012,1.1287191,NA,"CENPI","intensified","paml_selected",NA,NA,NA,NA,"CENPI"
"OG0006639",119,5.776855,3,0.0090793,0.5598928,NA,"CENPI","intensified","paml_selected",NA,NA,NA,NA,"CENPI"
"OG0006639",512,2.055261,1,0.0426172,0.3695711,NA,"CENPI","intensified","paml_selected",NA,NA,NA,NA,"CENPI"
"OG0006639",455,1.936381,1,0.0490757,0.3362596,NA,"CENPI","intensified","paml_selected",NA,NA,NA,NA,"CENPI"
"OG0006639",492,2.564244,1,0.0235362,0.4665217,NA,"CENPI","intensified","paml_selected",NA,NA,NA,NA,"CENPI"
"OG0006639",188,3.491688,2,0.0304494,0.4567414,NA,"CENPI","intensified","paml_selected",NA,NA,NA,NA,"CENPI"
"OG0006639",759,2.053591,1,0.0427014,0.3646046,NA,"CENPI","intensified","paml_selected",NA,NA,NA,NA,"CENPI"
"OG0006639",774,2.293195,1,0.0322268,0.4586127,NA,"CENPI","intensified","paml_selected",NA,NA,NA,NA,"CENPI"
"OG0006639",601,2.078715,1,0.0414523,0.3834333,NA,"CENPI","intensified","paml_selected",NA,NA,NA,NA,"CENPI"
"OG0006639",489,4.189989,3,0.038778,0.4304359,NA,"CENPI","intensified","paml_selected",NA,NA,NA,NA,"CENPI"
"OG0006639",610,2.55233,1,0.0238616,0.4414405,NA,"CENPI","intensified","paml_selected",NA,NA,NA,NA,"CENPI"
"OG0006639",603,2.756096,1,0.0188844,0.5822682,NA,"CENPI","intensified","paml_selected",NA,NA,NA,NA,"CENPI"
"OG0006639",404,2.09007,1,0.0409003,0.3913737,NA,"CENPI","intensified","paml_selected",NA,NA,NA,NA,"CENPI"
"OG0006639",310,3.01575,2,0.0490091,0.3400004,NA,"CENPI","intensified","paml_selected",NA,NA,NA,NA,"CENPI"
"OG0006639",699,4.059596,2,0.017256,0.6840767,NA,"CENPI","intensified","paml_selected",NA,NA,NA,NA,"CENPI"
"OG0006639",136,2.76738,1,0.0186423,0.6086167,NA,"CENPI","intensified","paml_selected",NA,NA,NA,NA,"CENPI"
"OG0006639",564,2.159071,1,0.0377081,0.4359994,NA,"CENPI","intensified","paml_selected",NA,NA,NA,NA,"CENPI"
"OG0006639",547,2.091527,1,0.0408301,0.4120125,NA,"CENPI","intensified","paml_selected",NA,NA,NA,NA,"CENPI"
"OG0006639",374,5.947448,5,0.0362567,0.4573286,NA,"CENPI","intensified","paml_selected",NA,NA,NA,NA,"CENPI"
"OG0006639",198,1.997523,1,0.0456342,0.3517637,NA,"CENPI","intensified","paml_selected",NA,NA,NA,NA,"CENPI"
"OG0006639",531,4.739327,3,0.0235595,0.4508808,NA,"CENPI","intensified","paml_selected",NA,NA,NA,NA,"CENPI"
"OG0006639",419,2.549816,1,0.0239309,0.4284405,NA,"CENPI","intensified","paml_selected",NA,NA,NA,NA,"CENPI"
"OG0006639",678,2.078715,1,0.0414523,0.3771475,NA,"CENPI","intensified","paml_selected",NA,NA,NA,NA,"CENPI"
"OG0006639",213,2.732918,1,0.0193918,0.538122,NA,"CENPI","intensified","paml_selected",NA,NA,NA,NA,"CENPI"
"OG0006639",326,4.946344,4,0.0422747,0.3724197,NA,"CENPI","intensified","paml_selected",NA,NA,NA,NA,"CENPI"
"OG0006639",324,3.394457,1,0.0091726,0.5090776,NA,"CENPI","intensified","paml_selected",NA,NA,NA,NA,"CENPI"
"OG0006639",763,3.143586,2,0.0431279,0.3519996,NA,"CENPI","intensified","paml_selected",NA,NA,NA,NA,"CENPI"
"OG0006639",258,2.09007,1,0.0409003,0.3982399,NA,"CENPI","intensified","paml_selected",NA,NA,NA,NA,"CENPI"
"OG0006639",216,2.648224,1,0.0213689,0.4561448,NA,"CENPI","intensified","paml_selected",NA,NA,NA,NA,"CENPI"
"OG0006639",396,2.815941,1,0.0176367,0.6525571,NA,"CENPI","intensified","paml_selected",NA,NA,NA,NA,"CENPI"
"OG0006639",760,2.078715,1,0.0414523,0.3710645,NA,"CENPI","intensified","paml_selected",NA,NA,NA,NA,"CENPI"
"OG0006639",721,2.042088,1,0.0432865,0.3432004,NA,"CENPI","intensified","paml_selected",NA,NA,NA,NA,"CENPI"
"OG0006639",585,2.742804,1,0.0191736,0.5600721,NA,"CENPI","intensified","paml_selected",NA,NA,NA,NA,"CENPI"
"OG0006639",202,3.073268,2,0.0462697,0.3517765,NA,"CENPI","intensified","paml_selected",NA,NA,NA,NA,"CENPI"
"OG0006639",259,1.974096,1,0.0469217,0.351913,NA,"CENPI","intensified","paml_selected",NA,NA,NA,NA,"CENPI"
"OG0006639",131,2.207018,1,0.0356444,0.4600617,NA,"CENPI","intensified","paml_selected",NA,NA,NA,NA,"CENPI"
"OG0006639",158,2.547776,1,0.0239873,0.4160292,NA,"CENPI","intensified","paml_selected",NA,NA,NA,NA,"CENPI"
"OG0006639",341,5.024464,4,0.0396115,0.4310665,NA,"CENPI","intensified","paml_selected",NA,NA,NA,NA,"CENPI"
"OG0006639",614,5.870638,3,0.0083241,0.5774836,NA,"CENPI","intensified","paml_selected",NA,NA,NA,NA,"CENPI"
"OG0006639",728,4.20254,1,0.0037417,2.0766647,NA,"CENPI","intensified","paml_selected",NA,NA,NA,NA,"CENPI"
"OG0006639",286,4.746766,4,0.0498803,0.3376046,NA,"CENPI","intensified","paml_selected",NA,NA,NA,NA,"CENPI"
"OG0006639",319,3.394674,2,0.0335515,0.4655269,NA,"CENPI","intensified","paml_selected",NA,NA,NA,NA,"CENPI"
"OG0006639",805,2.003537,1,0.0453097,0.3541815,NA,"CENPI","intensified","paml_selected",NA,NA,NA,NA,"CENPI"
"OG0006639",22,3.14597,2,0.0430252,0.3564026,NA,"CENPI","intensified","paml_selected",NA,NA,NA,NA,"CENPI"
"OG0006700",200,2.488381,1,0.02569,0.3147029,"absrel_selected","STX16","intensified","paml_selected",NA,NA,NA,NA,"STX16"
"OG0006700",144,2.381451,1,0.0290795,0.2374826,"absrel_selected","STX16","intensified","paml_selected",NA,NA,NA,NA,"STX16"
"OG0006700",125,4.427572,2,0.0119435,1.1704586,"absrel_selected","STX16","intensified","paml_selected",NA,NA,NA,NA,"STX16"
"OG0006700",221,4.667108,3,0.025162,0.3522683,"absrel_selected","STX16","intensified","paml_selected",NA,NA,NA,NA,"STX16"
"OG0006700",32,3.329231,2,0.0358206,0.2507444,"absrel_selected","STX16","intensified","paml_selected",NA,NA,NA,NA,"STX16"
"OG0006700",191,2.578681,1,0.023148,0.4537012,"absrel_selected","STX16","intensified","paml_selected",NA,NA,NA,NA,"STX16"
"OG0006700",107,2.394397,1,0.0286455,0.2552052,"absrel_selected","STX16","intensified","paml_selected",NA,NA,NA,NA,"STX16"
"OG0006700",269,2.488381,1,0.02569,0.2797359,"absrel_selected","STX16","intensified","paml_selected",NA,NA,NA,NA,"STX16"
"OG0006700",306,2.77231,1,0.0185376,0.6055612,"absrel_selected","STX16","intensified","paml_selected",NA,NA,NA,NA,"STX16"
"OG0006700",139,2.231217,1,0.0346481,0.2611934,"absrel_selected","STX16","intensified","paml_selected",NA,NA,NA,NA,"STX16"
"OG0006700",203,2.408719,1,0.0281732,0.2760974,"absrel_selected","STX16","intensified","paml_selected",NA,NA,NA,NA,"STX16"
"OG0006700",386,3.044729,1,0.0135991,0.6663552,"absrel_selected","STX16","intensified","paml_selected",NA,NA,NA,NA,"STX16"
"OG0006700",184,2.63953,1,0.0215834,0.528793,"absrel_selected","STX16","intensified","paml_selected",NA,NA,NA,NA,"STX16"
"OG0006700",106,2.549985,1,0.0239263,0.3907957,"absrel_selected","STX16","intensified","paml_selected",NA,NA,NA,NA,"STX16"
"OG0007419",1035,9.494509,1,1.31e-05,0.0072967,"absrel_selected","MPHOSPH8","intensified","paml_selected",NA,NA,NA,NA,"MPHOSPH8"
"OG0007419",801,4.002373,2,0.0182722,0.5965342,"absrel_selected","MPHOSPH8","intensified","paml_selected",NA,NA,NA,NA,"MPHOSPH8"
"OG0007419",194,5.902411,1,0.0005908,0.1639401,"absrel_selected","MPHOSPH8","intensified","paml_selected",NA,NA,NA,NA,"MPHOSPH8"
"OG0007419",487,3.13241,1,0.0123159,0.6213913,"absrel_selected","MPHOSPH8","intensified","paml_selected",NA,NA,NA,NA,"MPHOSPH8"
"OG0007419",351,2.277894,1,0.0328077,0.5690082,"absrel_selected","MPHOSPH8","intensified","paml_selected",NA,NA,NA,NA,"MPHOSPH8"
"OG0007419",302,2.424464,1,0.0276633,0.5686351,"absrel_selected","MPHOSPH8","intensified","paml_selected",NA,NA,NA,NA,"MPHOSPH8"
"OG0007419",704,3.110218,1,0.0126284,0.5840636,"absrel_selected","MPHOSPH8","intensified","paml_selected",NA,NA,NA,NA,"MPHOSPH8"
"OG0007419",1278,4.003447,1,0.00466,0.431046,"absrel_selected","MPHOSPH8","intensified","paml_selected",NA,NA,NA,NA,"MPHOSPH8"
"OG0007419",181,4.596768,2,0.0100844,0.6218696,"absrel_selected","MPHOSPH8","intensified","paml_selected",NA,NA,NA,NA,"MPHOSPH8"
"OG0007419",1133,2.729352,1,0.0194711,0.514593,"absrel_selected","MPHOSPH8","intensified","paml_selected",NA,NA,NA,NA,"MPHOSPH8"
"OG0007419",874,5.92106,4,0.0185647,0.5724127,"absrel_selected","MPHOSPH8","intensified","paml_selected",NA,NA,NA,NA,"MPHOSPH8"
"OG0007419",560,3.007983,2,0.0493912,0.5076317,"absrel_selected","MPHOSPH8","intensified","paml_selected",NA,NA,NA,NA,"MPHOSPH8"
"OG0007419",758,4.733596,1,0.0020918,0.3869816,"absrel_selected","MPHOSPH8","intensified","paml_selected",NA,NA,NA,NA,"MPHOSPH8"
"OG0007419",769,3.944025,1,0.0049762,0.3945454,"absrel_selected","MPHOSPH8","intensified","paml_selected",NA,NA,NA,NA,"MPHOSPH8"
"OG0007419",708,2.76455,1,0.0187027,0.5463162,"absrel_selected","MPHOSPH8","intensified","paml_selected",NA,NA,NA,NA,"MPHOSPH8"
"OG0007419",167,2.685309,1,0.0204787,0.4941603,"absrel_selected","MPHOSPH8","intensified","paml_selected",NA,NA,NA,NA,"MPHOSPH8"
"OG0007419",1086,2.123022,1,0.0393419,0.5077847,"absrel_selected","MPHOSPH8","intensified","paml_selected",NA,NA,NA,NA,"MPHOSPH8"
"OG0007419",980,1.983223,1,0.0464157,0.5051115,"absrel_selected","MPHOSPH8","intensified","paml_selected",NA,NA,NA,NA,"MPHOSPH8"
"OG0007419",160,2.079836,1,0.0413974,0.4888419,"absrel_selected","MPHOSPH8","intensified","paml_selected",NA,NA,NA,NA,"MPHOSPH8"
"OG0007419",1020,2.812514,1,0.0177058,0.6141695,"absrel_selected","MPHOSPH8","intensified","paml_selected",NA,NA,NA,NA,"MPHOSPH8"
"OG0007419",110,3.08017,2,0.0459514,0.5204703,"absrel_selected","MPHOSPH8","intensified","paml_selected",NA,NA,NA,NA,"MPHOSPH8"
"OG0007419",786,2.271898,1,0.0330382,0.5556431,"absrel_selected","MPHOSPH8","intensified","paml_selected",NA,NA,NA,NA,"MPHOSPH8"
"OG0007419",192,3.102862,1,0.0127338,0.5436346,"absrel_selected","MPHOSPH8","intensified","paml_selected",NA,NA,NA,NA,"MPHOSPH8"
"OG0007419",794,2.075136,1,0.0416279,0.4813221,"absrel_selected","MPHOSPH8","intensified","paml_selected",NA,NA,NA,NA,"MPHOSPH8"
"OG0007419",485,7.430014,5,0.0109775,0.609249,"absrel_selected","MPHOSPH8","intensified","paml_selected",NA,NA,NA,NA,"MPHOSPH8"
"OG0007419",1277,2.111646,1,0.0398727,0.5029399,"absrel_selected","MPHOSPH8","intensified","paml_selected",NA,NA,NA,NA,"MPHOSPH8"
"OG0007419",706,2.748616,1,0.0190466,0.5285431,"absrel_selected","MPHOSPH8","intensified","paml_selected",NA,NA,NA,NA,"MPHOSPH8"
"OG0007419",260,2.110179,1,0.0399417,0.4926149,"absrel_selected","MPHOSPH8","intensified","paml_selected",NA,NA,NA,NA,"MPHOSPH8"
"OG0007419",346,2.821144,1,0.0175323,0.6950313,"absrel_selected","MPHOSPH8","intensified","paml_selected",NA,NA,NA,NA,"MPHOSPH8"
"OG0007419",872,4.612254,3,0.0264502,0.5646095,"absrel_selected","MPHOSPH8","intensified","paml_selected",NA,NA,NA,NA,"MPHOSPH8"
"OG0007419",86,2.194537,1,0.03617,0.5282718,"absrel_selected","MPHOSPH8","intensified","paml_selected",NA,NA,NA,NA,"MPHOSPH8"
"OG0007419",230,4.319753,1,0.0032895,0.456419,"absrel_selected","MPHOSPH8","intensified","paml_selected",NA,NA,NA,NA,"MPHOSPH8"
"OG0007419",879,2.359738,1,0.0298228,0.5517222,"absrel_selected","MPHOSPH8","intensified","paml_selected",NA,NA,NA,NA,"MPHOSPH8"
"OG0007419",1135,2.152642,1,0.0379941,0.514311,"absrel_selected","MPHOSPH8","intensified","paml_selected",NA,NA,NA,NA,"MPHOSPH8"
"OG0007419",379,2.662587,1,0.0210195,0.4860762,"absrel_selected","MPHOSPH8","intensified","paml_selected",NA,NA,NA,NA,"MPHOSPH8"
"OG0007419",628,2.165249,1,0.0374353,0.5194146,"absrel_selected","MPHOSPH8","intensified","paml_selected",NA,NA,NA,NA,"MPHOSPH8"
"OG0007419",1285,1.9734,1,0.0469606,0.5012142,"absrel_selected","MPHOSPH8","intensified","paml_selected",NA,NA,NA,NA,"MPHOSPH8"
"OG0007419",809,2.726295,1,0.0195393,0.4929241,"absrel_selected","MPHOSPH8","intensified","paml_selected",NA,NA,NA,NA,"MPHOSPH8"
"OG0007419",344,2.242232,1,0.0342043,0.5423822,"absrel_selected","MPHOSPH8","intensified","paml_selected",NA,NA,NA,NA,"MPHOSPH8"
"OG0007419",1281,2.366909,1,0.0295752,0.5660077,"absrel_selected","MPHOSPH8","intensified","paml_selected",NA,NA,NA,NA,"MPHOSPH8"
"OG0007419",185,2.198707,1,0.0359935,0.5548996,"absrel_selected","MPHOSPH8","intensified","paml_selected",NA,NA,NA,NA,"MPHOSPH8"
"OG0007419",532,4.1635,1,0.003906,0.4335674,"absrel_selected","MPHOSPH8","intensified","paml_selected",NA,NA,NA,NA,"MPHOSPH8"
"OG0007419",299,3.400921,2,0.0333425,0.544268,"absrel_selected","MPHOSPH8","intensified","paml_selected",NA,NA,NA,NA,"MPHOSPH8"
"OG0007419",384,2.819906,1,0.0175571,0.6496121,"absrel_selected","MPHOSPH8","intensified","paml_selected",NA,NA,NA,NA,"MPHOSPH8"
"OG0007419",216,2.172118,1,0.0371344,0.5284515,"absrel_selected","MPHOSPH8","intensified","paml_selected",NA,NA,NA,NA,"MPHOSPH8"
"OG0007419",994,4.840858,2,0.0079003,0.5480816,"absrel_selected","MPHOSPH8","intensified","paml_selected",NA,NA,NA,NA,"MPHOSPH8"
"OG0007419",730,2.382544,1,0.0290426,0.5756654,"absrel_selected","MPHOSPH8","intensified","paml_selected",NA,NA,NA,NA,"MPHOSPH8"
"OG0007419",757,3.240158,2,0.0391577,0.5174413,"absrel_selected","MPHOSPH8","intensified","paml_selected",NA,NA,NA,NA,"MPHOSPH8"
"OG0007419",943,4.85506,3,0.021198,0.4705947,"absrel_selected","MPHOSPH8","intensified","paml_selected",NA,NA,NA,NA,"MPHOSPH8"
"OG0007419",272,3.930293,3,0.0489826,0.5129309,"absrel_selected","MPHOSPH8","intensified","paml_selected",NA,NA,NA,NA,"MPHOSPH8"
"OG0007419",1001,2.198707,1,0.0359935,0.5399023,"absrel_selected","MPHOSPH8","intensified","paml_selected",NA,NA,NA,NA,"MPHOSPH8"
"OG0007419",1065,2.110179,1,0.0399417,0.4819058,"absrel_selected","MPHOSPH8","intensified","paml_selected",NA,NA,NA,NA,"MPHOSPH8"
"OG0007419",120,4.466836,3,0.0301859,0.5404248,"absrel_selected","MPHOSPH8","intensified","paml_selected",NA,NA,NA,NA,"MPHOSPH8"
"OG0007419",756,1.98622,1,0.0462507,0.5133831,"absrel_selected","MPHOSPH8","intensified","paml_selected",NA,NA,NA,NA,"MPHOSPH8"
"OG0007419",699,1.922352,1,0.0499034,0.5035702,"absrel_selected","MPHOSPH8","intensified","paml_selected",NA,NA,NA,NA,"MPHOSPH8"
"OG0009956",216,5.716181,4,0.0221114,0.5417296,"absrel_selected","HSPB11","intensified","paml_selected",NA,NA,NA,NA,"HSPB11"
"OG0009956",317,2.360386,1,0.0298003,0.486739,"absrel_selected","HSPB11","intensified","paml_selected",NA,NA,NA,NA,"HSPB11"
"OG0009956",299,3.50774,2,0.0299645,0.4195036,"absrel_selected","HSPB11","intensified","paml_selected",NA,NA,NA,NA,"HSPB11"
"OG0009956",267,3.103075,1,0.0127307,1.2476107,"absrel_selected","HSPB11","intensified","paml_selected",NA,NA,NA,NA,"HSPB11"
"OG0009956",425,2.874908,1,0.0164904,0.538686,"absrel_selected","HSPB11","intensified","paml_selected",NA,NA,NA,NA,"HSPB11"
"OG0009956",450,2.062946,1,0.0422318,0.3762467,"absrel_selected","HSPB11","intensified","paml_selected",NA,NA,NA,NA,"HSPB11"
"OG0009956",423,2.139938,1,0.0385661,0.4199425,"absrel_selected","HSPB11","intensified","paml_selected",NA,NA,NA,NA,"HSPB11"
"OG0009956",378,3.255302,2,0.0385692,0.377978,"absrel_selected","HSPB11","intensified","paml_selected",NA,NA,NA,NA,"HSPB11"
"OG0009956",293,2.974338,1,0.0147283,0.7216887,"absrel_selected","HSPB11","intensified","paml_selected",NA,NA,NA,NA,"HSPB11"
"OG0009956",223,3.075201,2,0.0461804,0.3481289,"absrel_selected","HSPB11","intensified","paml_selected",NA,NA,NA,NA,"HSPB11"
"OG0009956",242,2.191701,1,0.0362905,0.4445588,"absrel_selected","HSPB11","intensified","paml_selected",NA,NA,NA,NA,"HSPB11"
"OG0009956",370,2.526351,1,0.0245876,0.4819161,"absrel_selected","HSPB11","intensified","paml_selected",NA,NA,NA,NA,"HSPB11"
"OG0009956",377,2.053673,1,0.0426973,0.3486948,"absrel_selected","HSPB11","intensified","paml_selected",NA,NA,NA,NA,"HSPB11"
"OG0011603",179,2.230879,1,0.0346618,1.2362714,"absrel_selected","NME6","intensified","paml_selected",NA,NA,NA,NA,"NME6"
"OG0011603",244,2.230879,1,0.0346618,0.7417629,"absrel_selected","NME6","intensified","paml_selected",NA,NA,NA,NA,"NME6"
"OG0011603",204,2.230879,1,0.0346618,0.9272036,"absrel_selected","NME6","intensified","paml_selected",NA,NA,NA,NA,"NME6"
"OG0011603",166,2.562471,1,0.0235844,2.5235272,"absrel_selected","NME6","intensified","paml_selected",NA,NA,NA,NA,"NME6"
"OG0011603",90,2.021047,1,0.0443787,0.6783605,"absrel_selected","NME6","intensified","paml_selected",NA,NA,NA,NA,"NME6"
"OG0011603",282,3.249844,2,0.0387802,0.6915811,"absrel_selected","NME6","intensified","paml_selected",NA,NA,NA,NA,"NME6"
"OG0011603",158,3.557909,2,0.0284983,1.5246613,"absrel_selected","NME6","intensified","paml_selected",NA,NA,NA,NA,"NME6"
"OG0011775",884,2.730834,1,0.0194381,0.3401665,NA,"CCDC30","intensified","paml_selected",NA,NA,NA,NA,"CCDC30"
"OG0011775",1251,2.946904,1,0.0151942,0.3418696,NA,"CCDC30","intensified","paml_selected",NA,NA,NA,NA,"CCDC30"
"OG0011775",1153,2.002497,1,0.0453657,0.3129238,NA,"CCDC30","intensified","paml_selected",NA,NA,NA,NA,"CCDC30"
"OG0011775",1014,2.694793,1,0.0202573,0.3358443,NA,"CCDC30","intensified","paml_selected",NA,NA,NA,NA,"CCDC30"
"OG0011775",1517,5.628212,2,0.003595,0.5662119,NA,"CCDC30","intensified","paml_selected",NA,NA,NA,NA,"CCDC30"
"OG0011775",1269,4.660613,3,0.0253113,0.3570024,NA,"CCDC30","intensified","paml_selected",NA,NA,NA,NA,"CCDC30"
"OG0011775",1109,4.289774,2,0.013708,0.3810022,NA,"CCDC30","intensified","paml_selected",NA,NA,NA,NA,"CCDC30"
"OG0011775",907,3.876967,1,0.0053596,0.506479,NA,"CCDC30","intensified","paml_selected",NA,NA,NA,NA,"CCDC30"
"OG0011775",989,2.338969,1,0.0305524,0.3654685,NA,"CCDC30","intensified","paml_selected",NA,NA,NA,NA,"CCDC30"
"OG0011775",491,3.041474,1,0.0136493,0.3908657,NA,"CCDC30","intensified","paml_selected",NA,NA,NA,NA,"CCDC30"
"OG0011775",974,2.691365,1,0.020337,0.3313535,NA,"CCDC30","intensified","paml_selected",NA,NA,NA,NA,"CCDC30"
"OG0011775",224,3.95949,1,0.0048919,0.577854,NA,"CCDC30","intensified","paml_selected",NA,NA,NA,NA,"CCDC30"
"OG0011775",1320,1.987933,1,0.0461567,0.3115577,NA,"CCDC30","intensified","paml_selected",NA,NA,NA,NA,"CCDC30"
"OG0011775",815,4.554029,3,0.0278882,0.3660322,NA,"CCDC30","intensified","paml_selected",NA,NA,NA,NA,"CCDC30"
"OG0011775",1217,7.115642,2,0.0008123,0.3838114,NA,"CCDC30","intensified","paml_selected",NA,NA,NA,NA,"CCDC30"
"OG0011775",827,3.617545,1,0.0071492,0.4504011,NA,"CCDC30","intensified","paml_selected",NA,NA,NA,NA,"CCDC30"
"OG0011775",701,4.233568,2,0.0145006,0.3513596,NA,"CCDC30","intensified","paml_selected",NA,NA,NA,NA,"CCDC30"
"OG0011775",535,4.460572,2,0.0115558,0.4044513,NA,"CCDC30","intensified","paml_selected",NA,NA,NA,NA,"CCDC30"
"OG0011775",999,3.179977,1,0.0116725,0.3939453,NA,"CCDC30","intensified","paml_selected",NA,NA,NA,NA,"CCDC30"
"OG0011775",508,3.689466,1,0.0065992,0.4454483,NA,"CCDC30","intensified","paml_selected",NA,NA,NA,NA,"CCDC30"
"OG0011775",1384,5.891541,3,0.0081644,0.4538446,NA,"CCDC30","intensified","paml_selected",NA,NA,NA,NA,"CCDC30"
"OG0011775",1577,3.930063,3,0.0489927,0.3107253,NA,"CCDC30","intensified","paml_selected",NA,NA,NA,NA,"CCDC30"
"OG0011775",676,2.058784,1,0.04244,0.3208467,NA,"CCDC30","intensified","paml_selected",NA,NA,NA,NA,"CCDC30"
"OG0011775",1016,3.522111,2,0.029537,0.3721662,NA,"CCDC30","intensified","paml_selected",NA,NA,NA,NA,"CCDC30"
"OG0011775",1367,3.378536,2,0.0340973,0.358022,NA,"CCDC30","intensified","paml_selected",NA,NA,NA,NA,"CCDC30"
"OG0011775",335,3.039966,2,0.0478365,0.3096268,NA,"CCDC30","intensified","paml_selected",NA,NA,NA,NA,"CCDC30"
"OG0011775",1510,3.10818,2,0.0446822,0.3104757,NA,"CCDC30","intensified","paml_selected",NA,NA,NA,NA,"CCDC30"
"OG0011775",1395,2.682462,1,0.0205457,0.329079,NA,"CCDC30","intensified","paml_selected",NA,NA,NA,NA,"CCDC30"
"OG0011775",205,3.361415,1,0.0095187,0.4283393,NA,"CCDC30","intensified","paml_selected",NA,NA,NA,NA,"CCDC30"
"OG0011775",955,4.144505,1,0.0039886,0.5384572,NA,"CCDC30","intensified","paml_selected",NA,NA,NA,NA,"CCDC30"
"OG0011775",1491,5.347683,1,0.001074,0.3383232,NA,"CCDC30","intensified","paml_selected",NA,NA,NA,NA,"CCDC30"
"OG0011775",980,3.925731,2,0.0197277,0.3389579,NA,"CCDC30","intensified","paml_selected",NA,NA,NA,NA,"CCDC30"
"OG0011775",1706,2.23684,1,0.0344208,0.3535614,NA,"CCDC30","intensified","paml_selected",NA,NA,NA,NA,"CCDC30"
"OG0011775",1281,3.315023,2,0.0363332,0.3366166,NA,"CCDC30","intensified","paml_selected",NA,NA,NA,NA,"CCDC30"
"OG0011775",259,2.932632,1,0.0154425,0.3393769,NA,"CCDC30","intensified","paml_selected",NA,NA,NA,NA,"CCDC30"
"OG0011775",968,2.354752,1,0.0299963,0.3681366,NA,"CCDC30","intensified","paml_selected",NA,NA,NA,NA,"CCDC30"
"OG0011775",783,2.000513,1,0.0454726,0.3113882,NA,"CCDC30","intensified","paml_selected",NA,NA,NA,NA,"CCDC30"
"OG0011775",1305,3.043395,2,0.0476728,0.310695,NA,"CCDC30","intensified","paml_selected",NA,NA,NA,NA,"CCDC30"
"OG0011775",1459,4.993213,3,0.0186819,0.3602932,NA,"CCDC30","intensified","paml_selected",NA,NA,NA,NA,"CCDC30"
"OG0011775",932,4.46475,3,0.0302431,0.3664062,NA,"CCDC30","intensified","paml_selected",NA,NA,NA,NA,"CCDC30"
"OG0011775",408,4.197246,2,0.0150369,0.3552475,NA,"CCDC30","intensified","paml_selected",NA,NA,NA,NA,"CCDC30"
"OG0011775",706,3.036299,2,0.0480123,0.3086503,NA,"CCDC30","intensified","paml_selected",NA,NA,NA,NA,"CCDC30"
"OG0011775",1599,3.053315,1,0.0134676,0.4105434,NA,"CCDC30","intensified","paml_selected",NA,NA,NA,NA,"CCDC30"
"OG0011775",249,2.482296,1,0.0258714,0.3543261,NA,"CCDC30","intensified","paml_selected",NA,NA,NA,NA,"CCDC30"
"OG0011775",1567,2.276566,1,0.0328586,0.3569123,NA,"CCDC30","intensified","paml_selected",NA,NA,NA,NA,"CCDC30"
"OG0011775",1723,2.167514,1,0.0373358,0.3392531,NA,"CCDC30","intensified","paml_selected",NA,NA,NA,NA,"CCDC30"
"OG0011775",1342,3.852259,1,0.0055083,0.4732111,NA,"CCDC30","intensified","paml_selected",NA,NA,NA,NA,"CCDC30"
"OG0011775",1137,2.119006,1,0.0395284,0.3305695,NA,"CCDC30","intensified","paml_selected",NA,NA,NA,NA,"CCDC30"
"OG0011775",640,2.162292,1,0.0375656,0.3349008,NA,"CCDC30","intensified","paml_selected",NA,NA,NA,NA,"CCDC30"
"OG0011775",1681,5.873973,3,0.0082984,0.4356664,NA,"CCDC30","intensified","paml_selected",NA,NA,NA,NA,"CCDC30"
"OG0011775",828,2.160496,1,0.037645,0.332472,NA,"CCDC30","intensified","paml_selected",NA,NA,NA,NA,"CCDC30"
"OG0011775",1297,3.726422,2,0.0240788,0.367008,NA,"CCDC30","intensified","paml_selected",NA,NA,NA,NA,"CCDC30"
"OG0011775",1714,5.080873,2,0.0062145,0.4893903,NA,"CCDC30","intensified","paml_selected",NA,NA,NA,NA,"CCDC30"
"OG0011775",502,4.720457,1,0.002122,0.5013173,NA,"CCDC30","intensified","paml_selected",NA,NA,NA,NA,"CCDC30"
"OG0011775",425,2.214776,1,0.0353218,0.3371623,NA,"CCDC30","intensified","paml_selected",NA,NA,NA,NA,"CCDC30"
"OG0011775",1461,2.74276,1,0.0191746,0.3418868,NA,"CCDC30","intensified","paml_selected",NA,NA,NA,NA,"CCDC30"
"OG0011775",1489,2.996952,2,0.0499391,0.3125325,NA,"CCDC30","intensified","paml_selected",NA,NA,NA,NA,"CCDC30"
"OG0011775",1358,2.208401,1,0.0355867,0.3329643,NA,"CCDC30","intensified","paml_selected",NA,NA,NA,NA,"CCDC30"
"OG0011775",1008,2.063584,1,0.0421999,0.3216042,NA,"CCDC30","intensified","paml_selected",NA,NA,NA,NA,"CCDC30"
"OG0011775",746,3.416566,1,0.0089482,0.4450563,NA,"CCDC30","intensified","paml_selected",NA,NA,NA,NA,"CCDC30"
"OG0011775",1512,3.703717,2,0.0246318,0.3637039,NA,"CCDC30","intensified","paml_selected",NA,NA,NA,NA,"CCDC30"
"OG0011775",234,3.408058,1,0.0090339,0.4268508,NA,"CCDC30","intensified","paml_selected",NA,NA,NA,NA,"CCDC30"
"OG0011775",1563,5.031608,3,0.0180364,0.3550907,NA,"CCDC30","intensified","paml_selected",NA,NA,NA,NA,"CCDC30"
"OG0011775",987,2.441578,1,0.02712,0.3609634,NA,"CCDC30","intensified","paml_selected",NA,NA,NA,NA,"CCDC30"
"OG0011775",1000,3.442477,2,0.0319854,0.3641708,NA,"CCDC30","intensified","paml_selected",NA,NA,NA,NA,"CCDC30"
"OG0011775",1715,3.377345,2,0.034138,0.3545096,NA,"CCDC30","intensified","paml_selected",NA,NA,NA,NA,"CCDC30"
"OG0011775",942,3.108415,2,0.0446717,0.3127019,NA,"CCDC30","intensified","paml_selected",NA,NA,NA,NA,"CCDC30"
"OG0011775",1309,6.280142,1,0.000394,0.3723599,NA,"CCDC30","intensified","paml_selected",NA,NA,NA,NA,"CCDC30"
"OG0011775",552,1.969207,1,0.0471953,0.3118848,NA,"CCDC30","intensified","paml_selected",NA,NA,NA,NA,"CCDC30"
"OG0011775",1290,2.509596,1,0.0250679,0.3589264,NA,"CCDC30","intensified","paml_selected",NA,NA,NA,NA,"CCDC30"
"OG0011775",928,4.636687,2,0.0096898,0.4162188,NA,"CCDC30","intensified","paml_selected",NA,NA,NA,NA,"CCDC30"
"OG0011775",906,2.94906,1,0.0151571,0.3493515,NA,"CCDC30","intensified","paml_selected",NA,NA,NA,NA,"CCDC30"
"OG0011775",716,2.599174,1,0.0226084,0.3502444,NA,"CCDC30","intensified","paml_selected",NA,NA,NA,NA,"CCDC30"
"OG0011775",1361,4.921447,3,0.0199499,0.3366547,NA,"CCDC30","intensified","paml_selected",NA,NA,NA,NA,"CCDC30"
"OG0011775",965,3.248688,2,0.0388251,0.3305382,NA,"CCDC30","intensified","paml_selected",NA,NA,NA,NA,"CCDC30"
"OG0011775",883,3.429816,2,0.0323929,0.3601327,NA,"CCDC30","intensified","paml_selected",NA,NA,NA,NA,"CCDC30"
"OG0011775",1378,5.327477,3,0.0137458,0.3711357,NA,"CCDC30","intensified","paml_selected",NA,NA,NA,NA,"CCDC30"
"OG0011775",304,4.166755,2,0.0155025,0.3329509,NA,"CCDC30","intensified","paml_selected",NA,NA,NA,NA,"CCDC30"
"OG0011775",1063,3.278482,1,0.0104474,0.4292537,NA,"CCDC30","intensified","paml_selected",NA,NA,NA,NA,"CCDC30"
"OG0011775",426,2.280387,1,0.0327123,0.3594548,NA,"CCDC30","intensified","paml_selected",NA,NA,NA,NA,"CCDC30"
"OG0011775",922,3.555583,1,0.0076605,0.4524501,NA,"CCDC30","intensified","paml_selected",NA,NA,NA,NA,"CCDC30"
"OG0011775",749,3.005271,2,0.0495254,0.3120097,NA,"CCDC30","intensified","paml_selected",NA,NA,NA,NA,"CCDC30"
"OG0011775",966,5.599293,3,0.0106991,0.4212777,NA,"CCDC30","intensified","paml_selected",NA,NA,NA,NA,"CCDC30"
"OG0011775",1175,2.483807,1,0.0258262,0.3589088,NA,"CCDC30","intensified","paml_selected",NA,NA,NA,NA,"CCDC30"
"OG0011775",898,3.882282,1,0.0053281,0.5594521,NA,"CCDC30","intensified","paml_selected",NA,NA,NA,NA,"CCDC30"
"OG0011775",306,3.044707,1,0.0135994,0.4016077,NA,"CCDC30","intensified","paml_selected",NA,NA,NA,NA,"CCDC30"
"OG0011775",196,3.245455,1,0.0108427,0.4098559,NA,"CCDC30","intensified","paml_selected",NA,NA,NA,NA,"CCDC30"
"OG0011775",195,2.757559,1,0.0188528,0.3563178,NA,"CCDC30","intensified","paml_selected",NA,NA,NA,NA,"CCDC30"
"OG0011775",894,3.181483,2,0.041524,0.3297496,NA,"CCDC30","intensified","paml_selected",NA,NA,NA,NA,"CCDC30"
"OG0011775",1005,2.801016,1,0.0179397,0.3607016,NA,"CCDC30","intensified","paml_selected",NA,NA,NA,NA,"CCDC30"
"OG0011775",1255,4.360133,3,0.0332509,0.3570689,NA,"CCDC30","intensified","paml_selected",NA,NA,NA,NA,"CCDC30"
"OG0011775",1758,3.216044,1,0.0112077,0.4073558,NA,"CCDC30","intensified","paml_selected",NA,NA,NA,NA,"CCDC30"
"OG0011775",1709,6.462574,5,0.0240904,0.3613561,NA,"CCDC30","intensified","paml_selected",NA,NA,NA,NA,"CCDC30"
"OG0011775",893,4.969369,3,0.0190941,0.3469991,NA,"CCDC30","intensified","paml_selected",NA,NA,NA,NA,"CCDC30"
"OG0011775",398,3.014958,1,0.0140654,0.3592379,NA,"CCDC30","intensified","paml_selected",NA,NA,NA,NA,"CCDC30"
"OG0011775",1457,3.006845,1,0.0141953,0.3530151,NA,"CCDC30","intensified","paml_selected",NA,NA,NA,NA,"CCDC30"
"OG0011775",268,2.214776,1,0.0353218,0.3406028,NA,"CCDC30","intensified","paml_selected",NA,NA,NA,NA,"CCDC30"
"OG0011775",624,1.97681,1,0.0467706,0.3134628,NA,"CCDC30","intensified","paml_selected",NA,NA,NA,NA,"CCDC30"
"OG0011775",617,2.152577,1,0.0379971,0.3324743,NA,"CCDC30","intensified","paml_selected",NA,NA,NA,NA,"CCDC30"
"OG0011775",1145,2.120793,1,0.0394453,0.3328199,NA,"CCDC30","intensified","paml_selected",NA,NA,NA,NA,"CCDC30"
"OG0011775",222,2.806585,1,0.017826,0.3662077,NA,"CCDC30","intensified","paml_selected",NA,NA,NA,NA,"CCDC30"
"OG0011775",539,2.018208,1,0.0445283,0.3163853,NA,"CCDC30","intensified","paml_selected",NA,NA,NA,NA,"CCDC30"
"OG0011775",1019,2.233343,1,0.034562,0.3438005,NA,"CCDC30","intensified","paml_selected",NA,NA,NA,NA,"CCDC30"
"OG0011775",532,3.703344,2,0.024641,0.358242,NA,"CCDC30","intensified","paml_selected",NA,NA,NA,NA,"CCDC30"
"OG0011775",621,1.972342,1,0.0470197,0.3129126,NA,"CCDC30","intensified","paml_selected",NA,NA,NA,NA,"CCDC30"
"OG0011775",221,2.297108,1,0.03208,0.3609001,NA,"CCDC30","intensified","paml_selected",NA,NA,NA,NA,"CCDC30"
"OG0011775",238,2.043394,1,0.0432197,0.3166094,NA,"CCDC30","intensified","paml_selected",NA,NA,NA,NA,"CCDC30"
"OG0011775",817,4.414471,2,0.012101,0.3811801,NA,"CCDC30","intensified","paml_selected",NA,NA,NA,NA,"CCDC30"
"OG0011775",494,1.969207,1,0.0471953,0.3097189,NA,"CCDC30","intensified","paml_selected",NA,NA,NA,NA,"CCDC30"
"OG0011775",1007,5.059163,3,0.0175866,0.3693195,NA,"CCDC30","intensified","paml_selected",NA,NA,NA,NA,"CCDC30"
"OG0011775",415,2.405952,1,0.0282638,0.3658805,NA,"CCDC30","intensified","paml_selected",NA,NA,NA,NA,"CCDC30"
"OG0011775",1026,2.138341,1,0.0386387,0.3319416,NA,"CCDC30","intensified","paml_selected",NA,NA,NA,NA,"CCDC30"
"OG0011775",697,2.452838,1,0.0267686,0.3613759,NA,"CCDC30","intensified","paml_selected",NA,NA,NA,NA,"CCDC30"
"OG0011775",1200,2.09329,1,0.0407452,0.3290959,NA,"CCDC30","intensified","paml_selected",NA,NA,NA,NA,"CCDC30"
"OG0011775",919,4.317899,3,0.0345463,0.3473009,NA,"CCDC30","intensified","paml_selected",NA,NA,NA,NA,"CCDC30"
"OG0011775",541,2.018208,1,0.0445283,0.3140242,NA,"CCDC30","intensified","paml_selected",NA,NA,NA,NA,"CCDC30"
"OG0011775",257,3.168455,1,0.0118251,0.3853343,NA,"CCDC30","intensified","paml_selected",NA,NA,NA,NA,"CCDC30"
"OG0011775",1272,3.547779,2,0.0287885,0.3676369,NA,"CCDC30","intensified","paml_selected",NA,NA,NA,NA,"CCDC30"
"OG0011775",1015,2.045719,1,0.043101,0.3207119,NA,"CCDC30","intensified","paml_selected",NA,NA,NA,NA,"CCDC30"
"OG0011775",1236,2.218256,1,0.0351781,0.3427142,NA,"CCDC30","intensified","paml_selected",NA,NA,NA,NA,"CCDC30"
"OG0011775",1486,3.307272,2,0.0366159,0.3359421,NA,"CCDC30","intensified","paml_selected",NA,NA,NA,NA,"CCDC30"
"OG0011775",237,2.043394,1,0.0432197,0.3190829,NA,"CCDC30","intensified","paml_selected",NA,NA,NA,NA,"CCDC30"
"OG0011775",1069,2.06727,1,0.0420165,0.3228096,NA,"CCDC30","intensified","paml_selected",NA,NA,NA,NA,"CCDC30"
"OG0011775",1250,2.319888,1,0.0312391,0.3644558,NA,"CCDC30","intensified","paml_selected",NA,NA,NA,NA,"CCDC30"
"OG0011775",585,2.041871,1,0.0432977,0.3147407,NA,"CCDC30","intensified","paml_selected",NA,NA,NA,NA,"CCDC30"
"OG0011775",513,2.108657,1,0.0400135,0.3316906,NA,"CCDC30","intensified","paml_selected",NA,NA,NA,NA,"CCDC30"
"OG0011775",1713,4.915679,4,0.0433663,0.3128333,NA,"CCDC30","intensified","paml_selected",NA,NA,NA,NA,"CCDC30"
"OG0011775",1355,4.932531,4,0.0427631,0.3207231,NA,"CCDC30","intensified","paml_selected",NA,NA,NA,NA,"CCDC30"
"OG0011775",986,4.318108,3,0.0345398,0.3509687,NA,"CCDC30","intensified","paml_selected",NA,NA,NA,NA,"CCDC30"
"OG0011775",1600,5.356179,4,0.0299942,0.3729541,NA,"CCDC30","intensified","paml_selected",NA,NA,NA,NA,"CCDC30"
"OG0011775",427,2.090953,1,0.0408577,0.327208,NA,"CCDC30","intensified","paml_selected",NA,NA,NA,NA,"CCDC30"
"OG0011775",1495,2.071677,1,0.0417983,0.3291614,NA,"CCDC30","intensified","paml_selected",NA,NA,NA,NA,"CCDC30"
"OG0011775",1166,2.099577,1,0.0404442,0.3294804,NA,"CCDC30","intensified","paml_selected",NA,NA,NA,NA,"CCDC30"
"OG0011775",956,3.73979,1,0.0062403,0.4536193,NA,"CCDC30","intensified","paml_selected",NA,NA,NA,NA,"CCDC30"
"OG0011775",1133,3.95857,2,0.0190904,0.3537338,NA,"CCDC30","intensified","paml_selected",NA,NA,NA,NA,"CCDC30"
"OG0011775",417,1.93863,1,0.0489444,0.3125165,NA,"CCDC30","intensified","paml_selected",NA,NA,NA,NA,"CCDC30"
"OG0011775",608,2.06727,1,0.0420165,0.3281453,NA,"CCDC30","intensified","paml_selected",NA,NA,NA,NA,"CCDC30"
"OG0011775",1048,3.831986,2,0.0216666,0.3412482,NA,"CCDC30","intensified","paml_selected",NA,NA,NA,NA,"CCDC30"
"OG0011775",1455,3.467493,2,0.0311952,0.3684927,NA,"CCDC30","intensified","paml_selected",NA,NA,NA,NA,"CCDC30"
"OG0011775",1529,4.26966,2,0.0139865,0.3671465,NA,"CCDC30","intensified","paml_selected",NA,NA,NA,NA,"CCDC30"
"OG0011775",1476,3.083617,2,0.0457933,0.3113286,NA,"CCDC30","intensified","paml_selected",NA,NA,NA,NA,"CCDC30"
"OG0011775",1227,4.299624,3,0.0351221,0.3457328,NA,"CCDC30","intensified","paml_selected",NA,NA,NA,NA,"CCDC30"
"OG0011775",301,2.265498,1,0.0332862,0.3534324,NA,"CCDC30","intensified","paml_selected",NA,NA,NA,NA,"CCDC30"
"OG0011775",897,3.260409,2,0.0383727,0.3326809,NA,"CCDC30","intensified","paml_selected",NA,NA,NA,NA,"CCDC30"
"OG0011775",1152,2.100648,1,0.0403931,0.331926,NA,"CCDC30","intensified","paml_selected",NA,NA,NA,NA,"CCDC30"
"OG0011775",637,2.162292,1,0.0375656,0.3380904,NA,"CCDC30","intensified","paml_selected",NA,NA,NA,NA,"CCDC30"
"OG0011775",1343,6.921352,3,0.0031273,0.5910539,NA,"CCDC30","intensified","paml_selected",NA,NA,NA,NA,"CCDC30"
"OG0011775",430,2.214776,1,0.0353218,0.3337907,NA,"CCDC30","intensified","paml_selected",NA,NA,NA,NA,"CCDC30"
"OG0011775",626,2.06727,1,0.0420165,0.3254556,NA,"CCDC30","intensified","paml_selected",NA,NA,NA,NA,"CCDC30"
"OG0011775",1492,3.444106,2,0.0319333,0.3680117,NA,"CCDC30","intensified","paml_selected",NA,NA,NA,NA,"CCDC30"
"OG0011775",1414,4.905105,4,0.043749,0.3132027,NA,"CCDC30","intensified","paml_selected",NA,NA,NA,NA,"CCDC30"
