gene_symbol,TargetSpecies_Count,Reference_Count
HLA-DQA1,3,4
PROX2,3,4
FOXO3,3,3
HTT,3,3
MYC,3,3
SH2B3,3,3
APOE,2,5
IL6,2,5
ANKRD20A9P,2,3
APOC1,2,3
CDKN2A,2,3
CELSR2,2,3
CHRNA5,2,3
EPHX2,2,3
FURIN,2,3
HLA-DRB1,2,3
LPA,2,3
MC2R,2,3
PSRC1,2,3
USP2-AS1,2,3
A2M,2,2
ACE,2,2
AKIP1,2,2
ALDH3B1,2,2
ANKRD31,2,2
ANTXR1,2,2
AP5Z1,2,2
APLF,2,2
APOA1,2,2
APOA4,2,2
APP,2,2
ATXN2,2,2
BEND3,2,2
BRAP,2,2
BRIP1,2,2
C2orf80,2,2
C5orf34,2,2
CASP10,2,2
CCDC30,2,2
CDH1,2,2
CDKN2B-AS1,2,2
CENPI,2,2
CEP89,2,2
CHRNA4,2,2
CNGB3,2,2
CYB5R4,2,2
CYP51A1,2,2
DCLRE1B,2,2
DHODH,2,2
ECHS1,2,2
EPM2AIP1,2,2
EPS8,2,2
ERCC1,2,2
EXOC3L2,2,2
FADS1,2,2
FAN1,2,2
FEN1,2,2
FGD3,2,2
FHDC1,2,2
FMN1,2,2
FOXI3,2,2
GINM1,2,2
GRN,2,2
HMOX1,2,2
HP,2,2
HYOU1,2,2
IGF1,2,2
IGF2R,2,2
IL17A,2,2
IMMT,2,2
IRS1,2,2
ITPKC,2,2
KCNK3,2,2
KCNK7,2,2
KRT8,2,2
LAS1L,2,2
LDLR,2,2
LINC02227,2,2
LMNA,2,2
LNPEP,2,2
LRIT1,2,2
LRP2,2,2
LRRC72,2,2
LY75-CD302,2,2
MAGI3,2,2
MED6,2,2
MOV10,2,2
MPEG1,2,2
MTBP,2,2
MYH2,2,2
MYRFL,2,2
NBN,2,2
NET1,2,2
NGDN,2,2
NGLY1,2,2
NID2,2,2
NR1H3,2,2
NRDE2,2,2
NSD1,2,2
OBSCN,2,2
OTUD4,2,2
PALLD,2,2
PIEZO2,2,2
PLAU,2,2
POM121C,2,2
POR,2,2
PRG4,2,2
PRKDC,2,2
PRRC2A,2,2
PSEN1,2,2
PTGER4,2,2
PTK7,2,2
PTPN11,2,2
RBBP6,2,2
RET,2,2
RHAG,2,2
RIMBP2,2,2
RIN1,2,2
RP1,2,2
SACM1L,2,2
SEMA6D,2,2
SERPINE1,2,2
SIRT1,2,2
SLC29A1,2,2
SLC4A7,2,2
SLX4,2,2
ST14,2,2
ST6GAL2,2,2
STAG3,2,2
STARD9,2,2
STOX1,2,2
SWI5,2,2
TDRKH,2,2
TEP1,2,2
TERF1,2,2
TLK2,2,2
TLR4,2,2
TMEM44,2,2
TNF,2,2
TNKS1BP1,2,2
TOMM40,2,2
TOX,2,2
TRAFD1,2,2
TRPV1,2,2
TYRO3,2,2
ZC3H7A,2,2
ZC3HC1,2,2
ZNF318,2,2
ZNFX1,2,2
ZW10,2,2
CHRNA3,1,2
GPR78,1,2
PVRL2,1,2
TMTC2,1,2
USP42,1,2
 AKT1 ,1,1
AAAS,1,1
AAR2,1,1
AASDH,1,1
ABCA13,1,1
ABCA4,1,1
ABCA6,1,1
ABCA7,1,1
ABCA8,1,1
ABCB11,1,1
ABCC10,1,1
ABCC4,1,1
ABCG5,1,1
ABI3,1,1
ABI3BP,1,1
ABITRAM,1,1
ABO,1,1
ABRACL,1,1
ABRAXAS1,1,1
AC112128.1,1,1
ACAA1,1,1
ACADS,1,1
ACAN,1,1
ACAP3,1,1
ACBD5,1,1
ACE2,1,1
ACHE,1,1
ACKR2,1,1
ACKR4,1,1
ACOX2,1,1
ACPP,1,1
ACTL8,1,1
ADA,1,1
ADAM12,1,1
ADAM15,1,1
ADAM18,1,1
ADAM19,1,1
ADAM20,1,1
ADAM32,1,1
ADAM33,1,1
ADAMTS20,1,1
ADAMTSL4,1,1
ADAT3,1,1
ADCY6,1,1
ADCY7,1,1
ADCY9,1,1
ADGB,1,1
ADGRE5,1,1
ADGRF3,1,1
ADGRF4,1,1
ADGRF5,1,1
ADGRG1,1,1
ADGRG5,1,1
ADGRG7,1,1
ADGRL1,1,1
ADGRV1,1,1
ADIG,1,1
ADK,1,1
ADPRHL2,1,1
ADRA2B,1,1
ADRA2C,1,1
ADRB3,1,1
AFF1,1,1
AFF2,1,1
AFF3,1,1
AFM,1,1
AFP,1,1
AGER,1,1
AGL,1,1
AGMAT,1,1
AGT,1,1
AGTR1,1,1
AHCY,1,1
AHSG,1,1
AHSP,1,1
AIP,1,1
AK6,1,1
AK9,1,1
AKAP11,1,1
AKAP13,1,1
AKAP14,1,1
AKAP3,1,1
AKAP4,1,1
AKAP9,1,1
AKNA,1,1
AKR1D1,1,1
AKT1,1,1
AKT2,1,1
ALB,1,1
ALCAM,1,1
ALDH16A1,1,1
ALDH1A1,1,1
ALDH2,1,1
ALDH7A1,1,1
ALK,1,1
ALKBH1,1,1
ALKBH3,1,1
ALKBH6,1,1
ALPG,1,1
ALPI,1,1
ALPK2,1,1
ALPP,1,1
ALS2CL,1,1
ALS2CR12,1,1
AMACR,1,1
AMER1,1,1
AMHR2,1,1
AMOTL2,1,1
ANAPC4,1,1
ANGE1,1,1
ANGPT4,1,1
ANGPTL1,1,1
ANGPTL3,1,1
ANGPTL6,1,1
ANGPTL8,1,1
ANK3,1,1
ANKDD1A,1,1
ANKLE1,1,1
ANKLE2,1,1
ANKRD16,1,1
ANKRD26,1,1
ANKRD33,1,1
ANKRD40,1,1
ANLN,1,1
ANO5,1,1
ANO7,1,1
ANRIL,1,1
ANXA9,1,1
AOAH,1,1
AOX1,1,1
AP2A2,1,1
AP3B2,1,1
AP5B1,1,1
APC2,1,1
APEX1,1,1
APLN,1,1
APMAP,1,1
APOA2,1,1
APOB,1,1
APOC2,1,1
APOD,1,1
APOH,1,1
APOO,1,1
AQP1,1,1
AQR,1,1
AR,1,1
ARAP1,1,1
ARAP3,1,1
ARF5,1,1
ARFGAP1,1,1
ARHGAP11A,1,1
ARHGAP19,1,1
ARHGAP22,1,1
ARHGAP23,1,1
ARHGAP31,1,1
ARHGAP32,1,1
ARHGAP4,1,1
ARHGEF12,1,1
ARHGEF2,1,1
ARHGEF37,1,1
ARHGEF5,1,1
ARHGEF6,1,1
ARID5B,1,1
ARL17A,1,1
ARL6IP6,1,1
ARL9,1,1
ARMC12,1,1
ARMCX2,1,1
ARMCX4,1,1
ARMCX5-GPRASP2,1,1
ARMH1,1,1
ARMH2,1,1
ARMT1,1,1
ARPC5L,1,1
ARSA,1,1
ARSI,1,1
ART4,1,1
ART5,1,1
ASAH2,1,1
ASAP3,1,1
ASB18,1,1
ASB3,1,1
ASCC2,1,1
ASCL3,1,1
ASIC3,1,1
ASPH,1,1
ASPM,1,1
ASTE1,1,1
ASXL1,1,1
ATAD1,1,1
ATAD2,1,1
ATAD5,1,1
ATF6B,1,1
ATF7IP,1,1
ATF7IP2,1,1
ATG2A,1,1
ATG2B,1,1
ATG4C,1,1
ATG5,1,1
ATL2,1,1
ATM,1,1
ATMIN,1,1
ATP10D,1,1
ATP11B,1,1
ATP12A,1,1
ATP13A2,1,1
ATP1A4,1,1
ATP1B1,1,1
ATP1B4,1,1
ATP2B3,1,1
ATP5F1A,1,1
ATP5MF-PTCD1,1,1
ATP5MG,1,1
ATP6V0A4,1,1
ATP6V1B1,1,1
ATP7B,1,1
ATRX,1,1
ATXN1,1,1
ATXN2-AS,1,1
AUNIP,1,1
AUP1,1,1
AVL9,1,1
B3GALT4,1,1
B3GALTL,1,1
B3GLCT,1,1
B3GNT5,1,1
B3GNT8,1,1
B4GALNT4,1,1
B4GALT2,1,1
BAD,1,1
BARD1,1,1
BARHL1,1,1
BAZ1A,1,1
BBS10,1,1
BBS9,1,1
BCAS1,1,1
BCDIN3D,1,1
BCL2L15,1,1
BCL6B,1,1
BCO2,1,1
BCORL1,1,1
BDNF,1,1
BDP1,1,1
BECN1,1,1
BEND2,1,1
BEST2,1,1
BEST3,1,1
BFSP1,1,1
BICD1,1,1
BICDL2,1,1
BIN2,1,1
BIRC3,1,1
BIVM-ERCC5,1,1
BLOC1S1,1,1
BLOC1S3,1,1
BMP10,1,1
BMPR2,1,1
BOC,1,1
BOD1L1,1,1
BPIFB4,1,1
BPIFB6,1,1
BPTF,1,1
BRCA2,1,1
BRDT,1,1
BRWD1,1,1
BRWD3,1,1
BST1,1,1
BTBD10,1,1
BTBD18,1,1
BTBD8,1,1
BTG4,1,1
BUB1,1,1
BVES,1,1
C11orf1,1,1
C11orf16,1,1
C11orf65,1,1
C11orf74,1,1
C11orf80,1,1
C15orf39,1,1
C16orf89,1,1
C16orf92,1,1
C16orf96,1,1
C17orf47,1,1
C17orf75,1,1
C17orf78,1,1
C18orf63,1,1
C19orf25,1,1
C19orf54,1,1
C1QA,1,1
C1QB,1,1
C1QTNF2,1,1
C1QTNF5,1,1
C1QTNF6,1,1
C1QTNF9,1,1
C1QTNF9B,1,1
C1R,1,1
C1S,1,1
C1orf115,1,1
C1orf68,1,1
C1orf94,1,1
C2,1,1
C20orf173,1,1
C20orf187,1,1
C20orf194,1,1
C2CD3,1,1
C2CD5,1,1
C2orf16,1,1
C2orf70,1,1
C2orf72,1,1
C3orf14,1,1
C3orf20,1,1
C5orf46,1,1
C6orf222,1,1
C6orf47,1,1
C6orf89,1,1
C7orf61,1,1
C8B,1,1
C9,1,1
C9orf131,1,1
CA12,1,1
CA4,1,1
CABCOCO1,1,1
CACNA1C,1,1
CACNB2,1,1
CADM2,1,1
CADPS,1,1
CALCR,1,1
CALHM5,1,1
CALR3,1,1
CAMTA2,1,1
CAND2,1,1
CAP1,1,1
CAPN13,1,1
CAPS,1,1
CAPS2,1,1
CARD10,1,1
CARD14,1,1
CARD6,1,1
CARF,1,1
CARMIL3,1,1
CASP1,1,1
CASP4,1,1
CASP8AP2,1,1
CASQ1,1,1
CASQ2,1,1
CATIP,1,1
CATSPERB,1,1
CATSPERG,1,1
CAVIN4,1,1
CBLL1,1,1
CBX3,1,1
CC2D1A,1,1
CCDC105,1,1
CCDC115,1,1
CCDC116,1,1
CCDC14,1,1
CCDC141,1,1
CCDC151,1,1
CCDC170,1,1
CCDC171,1,1
CCDC173,1,1
CCDC174,1,1
CCDC175,1,1
CCDC18,1,1
CCDC180,1,1
CCDC184,1,1
CCDC25,1,1
CCDC33,1,1
CCDC34,1,1
CCDC38,1,1
CCDC50,1,1
CCDC51,1,1
CCDC66,1,1
CCDC73,1,1
CCDC77,1,1
CCDC81,1,1
CCDC87,1,1
CCDC97,1,1
CCHCR1,1,1
CCKAR,1,1
CCKBR,1,1
CCL13,1,1
CCL18,1,1
CCNB3,1,1
CCNDBP1,1,1
CCNH,1,1
CCNT1,1,1
CCP110,1,1
CCPG1,1,1
CCR10,1,1
CCR4,1,1
CCR6,1,1
CCR7,1,1
CCR9,1,1
CCRL2,1,1
CCT2,1,1
CD101,1,1
CD14,1,1
CD200R1L,1,1
CD248,1,1
CD36,1,1
CD3D,1,1
CD3EAP,1,1
CD47,1,1
CD53,1,1
CD6,1,1
CD7,1,1
CD72,1,1
CD74,1,1
CD79B,1,1
CD82,1,1
CD93,1,1
CDADC1,1,1
CDC42BPB,1,1
CDC42BPG,1,1
CDC42EP2,1,1
CDCA2,1,1
CDCP1,1,1
CDH13,1,1
CDH16,1,1
CDH17,1,1
CDH19,1,1
CDH26,1,1
CDHR2,1,1
CDHR3,1,1
CDK12,1,1
CDK2,1,1
CDK5RAP1,1,1
CDK5RAP2,1,1
CDKL3,1,1
CDKN2A/B,1,1
CDKN2AIPNL,1,1
CDKN2B,1,1
CDON,1,1
CDX1,1,1
CDX2,1,1
CEMIP2,1,1
CENPF,1,1
CENPH,1,1
CENPJ,1,1
CENPK,1,1
CENPQ,1,1
CEP112,1,1
CEP126,1,1
CEP128,1,1
CEP135,1,1
CEP152,1,1
CEP192,1,1
CEP250,1,1
CEP290,1,1
CEP70,1,1
CEP83,1,1
CER1,1,1
CERKL,1,1
CERS6,1,1
CETP,1,1
CFAP157,1,1
CFAP221,1,1
CFAP300,1,1
CFAP43,1,1
CFAP44,1,1
CFAP52,1,1
CFAP53,1,1
CFAP54,1,1
CFAP65,1,1
CFAP69,1,1
CFAP97,1,1
CFH,1,1
CFI,1,1
CFTR,1,1
CGAS,1,1
CGREF1,1,1
CHAC1,1,1
CHGB,1,1
CHIA,1,1
CHKB,1,1
CHM,1,1
CHML,1,1
CHMP4C,1,1
CHRNA2,1,1
CHRNA6,1,1
CHRNA9,1,1
CHRNB4,1,1
CHST10,1,1
CHST11,1,1
CHSY3,1,1
CHTF18,1,1
CIC,1,1
CIITA,1,1
CILP,1,1
CISD2,1,1
CISH,1,1
CKAP4,1,1
CLCA2,1,1
CLCN6,1,1
CLCNKA,1,1
CLCNKB,1,1
CLDN23,1,1
CLDN4,1,1
CLEC1B,1,1
CLESR2,1,1
CLGN,1,1
CLHC1,1,1
CLIP4,1,1
CLK4,1,1
CLN3,1,1
CLRN1,1,1
CLTRN,1,1
CLU,1,1
CMYA5,1,1
CNDP1,1,1
CNGA4,1,1
CNNM3,1,1
CNNM4,1,1
CNPY3,1,1
CNTD1,1,1
CNTNAP2,1,1
CNTNAP4,1,1
COBLL1,1,1
COL12A1,1,1
COL14A1,1,1
COL15A1,1,1
COL19A1,1,1
COL22A1,1,1
COL27A1,1,1
COL2A1,1,1
COL4A3,1,1
COL4A4,1,1
COL5A2,1,1
COL6A5,1,1
COL6A6,1,1
COL9A2,1,1
COMMD10,1,1
COMMD2,1,1
COMT,1,1
COMTD1,1,1
COPS7A,1,1
CORIN,1,1
CORO2A,1,1
CORO6,1,1
COX7B2,1,1
CPA2,1,1
CPA4,1,1
CPED1,1,1
CPLANE1,1,1
CPN2,1,1
CPQ,1,1
CPS1,1,1
CPSF7,1,1
CPVL,1,1
CRB2,1,1
CREB3,1,1
CRELD1,1,1
CRHR1,1,1
CRISP2,1,1
CROCC,1,1
CRTAM,1,1
CRTAP,1,1
CRYBG1,1,1
CRYBG3,1,1
CRYGA,1,1
CSMD2,1,1
CSPG4,1,1
CSPP1,1,1
CSRNP1,1,1
CST7,1,1
CTC1,1,1
CTSS,1,1
CTSZ,1,1
CTTNBP2,1,1
CTTNBP2NL,1,1
CUBN,1,1
CUL9,1,1
CUX2,1,1
CUZD1,1,1
CWC15,1,1
CX3CR1,1,1
CXCL1,1,1
CXCL13,1,1
CXCL16,1,1
CXCR4,1,1
CXorf65,1,1
CYB5A,1,1
CYB5R2,1,1
CYB5RL,1,1
CYC1,1,1
CYLD,1,1
CYP1A1,1,1
CYP24A1,1,1
CYP27A1,1,1
CYP2A6,1,1
CYP2U1,1,1
CYP4X1,1,1
CYP7A1,1,1
CYP8B1,1,1
CYTH4,1,1
CYTIP,1,1
DAAM1,1,1
DAB2,1,1
DAG1,1,1
DAND5,1,1
DAO,1,1
DAPK3,1,1
DAZAP2,1,1
DBI,1,1
DCAF12,1,1
DCAF8,1,1
DCHS2,1,1
DCP1B,1,1
DCST2,1,1
DCT,1,1
DCTN1,1,1
DDB1,1,1
DDHD1,1,1
DDX18,1,1
DDX19A,1,1
DDX42,1,1
DDX59,1,1
DDX60,1,1
DDX60L,1,1
DEDD,1,1
DENND1C,1,1
DEPDC7,1,1
DGAT1,1,1
DGAT2L6,1,1
DGKG,1,1
DHH,1,1
DHRS4L1,1,1
DHRS4L2,1,1
DHX58,1,1
DIO1,1,1
DIO3,1,1
DIRAS2,1,1
DISC1,1,1
DKK3,1,1
DLD,1,1
DLEC1,1,1
DLG3,1,1
DLK1,1,1
DLK2,1,1
DMKN,1,1
DMP1,1,1
DMPK,1,1
DMRTB1,1,1
DMXL2,1,1
DNAH1,1,1
DNAH10,1,1
DNAH11,1,1
DNAH2,1,1
DNAH3,1,1
DNAH5,1,1
DNAH6,1,1
DNAH8,1,1
DNAH9,1,1
DNAJA3,1,1
DNAJB2,1,1
DNAJC11,1,1
DNASE1,1,1
DNASE2B,1,1
DND1,1,1
DNHD1,1,1
DNMBP,1,1
DNTT,1,1
DNTTIP2,1,1
DOCK6,1,1
DOK2,1,1
DONSON,1,1
DOP1A,1,1
DOT1L,1,1
DPH1,1,1
DPH2,1,1
DPP4,1,1
DPYD,1,1
DPYS,1,1
DQX1,1,1
DSC1,1,1
DSC2,1,1
DSC3,1,1
DSEL,1,1
DSG1,1,1
DSG3,1,1
DSN1,1,1
DSPP,1,1
DTNBP1,1,1
DTX3L,1,1
DUOXA2,1,1
DUPD1,1,1
DUSP19,1,1
DUSP27,1,1
DYRK2,1,1
DYSF,1,1
DZANK1,1,1
DZIP3,1,1
E2F7,1,1
E2F8,1,1
EBF1,1,1
EBI3,1,1
ECE1,1,1
ECM1,1,1
ECSCR,1,1
ECT2L,1,1
EDRF1,1,1
EEA1,1,1
EED,1,1
EEF1A1,1,1
EEF1AKMT1,1,1
EEFSEC,1,1
EFCAB11,1,1
EFCAB12,1,1
EFCAB5,1,1
EFCAB7,1,1
EFHC2,1,1
EFHD1,1,1
EFR3B,1,1
EGF,1,1
EGFLAM,1,1
EGFR,1,1
EGLN2,1,1
EHBP1,1,1
EHF,1,1
EIF2B5,1,1
EIF4E3,1,1
EIF5B,1,1
ELK3,1,1
ELL2,1,1
ELMO2,1,1
ELOVL4,1,1
ELP4,1,1
ELP5,1,1
EMC1,1,1
EMC3,1,1
EMILIN1,1,1
ENAM,1,1
ENG,1,1
ENO4,1,1
ENPEP,1,1
ENPP3,1,1
ENPP7,1,1
ENTHD1,1,1
ENTPD1,1,1
EP400,1,1
EPB41L3,1,1
EPHA2,1,1
EPHA6,1,1
EPHB3,1,1
EPHB4,1,1
EPOR,1,1
EPRS1,1,1
EPS15,1,1
EPS8L3,1,1
EPSTI1,1,1
EPX,1,1
ERAL1,1,1
ERC1,1,1
ERCC5,1,1
ERGIC2,1,1
ERI2,1,1
ERICH3,1,1
ERICH6B,1,1
ERRFI1,1,1
ESCO1,1,1
ESF1,1,1
ESPL1,1,1
ESPN,1,1
ESR1,1,1
ESRRB,1,1
ETAA1,1,1
ETFDH,1,1
ETFRF1,1,1
ETNK1,1,1
EVI5,1,1
EVPL,1,1
EXO1,1,1
EXO5,1,1
EXOC5,1,1
EXPH5,1,1
EXTL3,1,1
EYS,1,1
F2RL3,1,1
F3,1,1
F5,1,1
FABP1,1,1
FABP9,1,1
FAM135B,1,1
FAM151A,1,1
FAM161A,1,1
FAM161B,1,1
FAM167B,1,1
FAM183A,1,1
FAM187A,1,1
FAM187B,1,1
FAM19A5,1,1
FAM208B,1,1
FAM214A,1,1
FAM53C,1,1
FAM71D,1,1
FAM72A,1,1
FAM72B,1,1
FAM72D,1,1
FAM83B,1,1
FAM84A,1,1
FAM84B,1,1
FAM89B,1,1
FANCB,1,1
FANCD2,1,1
FANCG,1,1
FANCI,1,1
FANCM,1,1
FARSB,1,1
FAS,1,1
FASTKD2,1,1
FASTKD5,1,1
FAT1,1,1
FAT2,1,1
FBXO16,1,1
FBXO43,1,1
FBXO48,1,1
FBXO6,1,1
FBXW8,1,1
FCGBP,1,1
FCN3,1,1
FCRL2,1,1
FER1L5,1,1
FER1L6,1,1
FES,1,1
FETUB,1,1
FEZF2,1,1
FGB,1,1
FGD6,1,1
FGF16,1,1
FGF21,1,1
FGFR1,1,1
FGR,1,1
FH,1,1
FHAD1,1,1
FHOD3,1,1
FKBP14,1,1
FKBP15,1,1
FLAD1,1,1
FLCN,1,1
FLII,1,1
FLYWCH1,1,1
FMO1,1,1
FMO3,1,1
FN1,1,1
FNBP1,1,1
FNDC1,1,1
FNIP2,1,1
FOCAD,1,1
FOLR2,1,1
FOLR3,1,1
FOXH1,1,1
FOXI1,1,1
FOXM1,1,1
FOXN3,1,1
FOXP2,1,1
FPGT,1,1
FPGT-TNNI3K,1,1
FPR1,1,1
FRAS1,1,1
FREM1,1,1
FREM2,1,1
FRG1,1,1
FRMPD1,1,1
FRMPD3,1,1
FRRS1,1,1
FSCB,1,1
FSCN3,1,1
FSHR,1,1
FSIP1,1,1
FSIP2,1,1
FUCA1,1,1
FXN,1,1
FYB1,1,1
FYB2,1,1
FYCO1,1,1
FZD6,1,1
G6PC3,1,1
G6PD,1,1
GAB1,1,1
GABBR2,1,1
GADL1,1,1
GALC,1,1
GALNT15,1,1
GALNT5,1,1
GALNT9,1,1
GANC,1,1
GAPDH,1,1
GART,1,1
GAS2L2,1,1
GAS2L3,1,1
GASK1B,1,1
GATA2,1,1
GATA6,1,1
GBA2,1,1
GBE1,1,1
GBF1,1,1
GBP1,1,1
GBP4,1,1
GBX2,1,1
GCK,1,1
GCN1,1,1
GCNT1,1,1
GCNT3,1,1
GDE1,1,1
GDPD2,1,1
GDPD3,1,1
GDPD5,1,1
GEMIN4,1,1
GEMIN7,1,1
GEMIN8,1,1
GFM1,1,1
GFRA3,1,1
GFRAL,1,1
GGCT,1,1
GHDC,1,1
GHR,1,1
GHRH,1,1
GINS4,1,1
GIPC1,1,1
GIPR,1,1
GJB5,1,1
GJB6,1,1
GKN1,1,1
GLB1,1,1
GLE1,1,1
GLI1,1,1
GLIPR1L1,1,1
GLIPR2,1,1
GLIS1,1,1
GLT8D1,1,1
GMNC,1,1
GNL2,1,1
GNL3L,1,1
GNPAT,1,1
GNPTAB,1,1
GNRHR,1,1
GOLGA3,1,1
GOLGA4,1,1
GOLGB1,1,1
GOLIM4,1,1
GORASP1,1,1
GP1BA,1,1
GP5,1,1
GPANK1,1,1
GPAT3,1,1
GPATCH2,1,1
GPATCH3,1,1
GPATCH4,1,1
GPC4,1,1
GPC6,1,1
GPI,1,1
GPKOW,1,1
GPLD1,1,1
GPNMB,1,1
GPR119,1,1
GPR141,1,1
GPR155,1,1
GPR160,1,1
GPR174,1,1
GPR18,1,1
GPR182,1,1
GPR33,1,1
GPR55,1,1
GPR75-ASB3,1,1
GPRASP2,1,1
GPRIN1,1,1
GPRIN2,1,1
GPRIN3,1,1
GRAM4,1,1
GREM2,1,1
GRIK2,1,1
GRM3,1,1
GSK3A,1,1
GSK3B,1,1
GSTA4,1,1
GSTK1,1,1
GSTP1,1,1
GTF3C1,1,1
GUCA2B,1,1
GULOP,1,1
GXYLT2,1,1
H6PD,1,1
HABP2,1,1
HADHB,1,1
HAPLN4,1,1
HARBI1,1,1
HASPIN,1,1
HAUS2,1,1
HAUS4,1,1
HAUS5,1,1
HAUS6,1,1
HAUS8,1,1
HBS1L,1,1
HCFC1,1,1
HCLS1,1,1
HDAC6,1,1
HDAC8,1,1
HDAC9,1,1
HDHD3,1,1
HDHD5,1,1
HDX,1,1
HEATR4,1,1
HEATR5A,1,1
HEATR9,1,1
HECTD4,1,1
HEMK1,1,1
HERC4,1,1
HES5,1,1
HESX1,1,1
HEY1,1,1
HHIPL1,1,1
HHLA1,1,1
HINFP,1,1
HIP1,1,1
HIPK4,1,1
HIRA,1,1
HIVEP1,1,1
HIVEP3,1,1
HLA-DMA,1,1
HMCN1,1,1
HMCN2,1,1
HMGB2,1,1
HNF1A,1,1
HORMAD1,1,1
HOXA1,1,1
HOXA9,1,1
HOXB1,1,1
HOXB2,1,1
HOXB5,1,1
HOXC9,1,1
HOXD4,1,1
HPR,1,1
HPS1,1,1
HPS4,1,1
HPS6,1,1
HPX,1,1
HRH2,1,1
HS1BP3,1,1
HS3ST6,1,1
HSD17B12,1,1
HSD17B2,1,1
HSD17B3,1,1
HSPA12A,1,1
HSPA12B,1,1
HSPBAP1,1,1
HTATSF1,1,1
HTR3B,1,1
HYAL1,1,1
HYAL3,1,1
HYDIN,1,1
HYKK,1,1
IARS,1,1
IBTK,1,1
ICAM1,1,1
ICE2,1,1
ICK,1,1
IDH3G,1,1
IDNK,1,1
IDO2,1,1
IFIT1B,1,1
IFIT5,1,1
IFNAR1,1,1
IFNGR1,1,1
IFNLR1,1,1
IFT122,1,1
IFT172,1,1
IFT27,1,1
IFT74,1,1
IFT81,1,1
IGF1R,1,1
IGF2,1,1
IGSF10,1,1
IGSF21,1,1
IGSF6,1,1
IKBKB,1,1
IL10,1,1
IL10RB,1,1
IL12B,1,1
IL12RB1,1,1
IL13,1,1
IL17C,1,1
IL17F,1,1
IL17RA,1,1
IL18,1,1
IL18R1,1,1
IL1A,1,1
IL1B,1,1
IL1RAPL1,1,1
IL20RB,1,1
IL23R,1,1
IL25,1,1
IL31RA,1,1
IL9,1,1
ILDR1,1,1
IMPAD1,1,1
IMPG1,1,1
IMPG2,1,1
INA,1,1
INHBE,1,1
INPP4B,1,1
INPP5K,1,1
INS,1,1
INSR,1,1
INTS1,1,1
INTS10,1,1
INTS12,1,1
INTS6L,1,1
INVS,1,1
IP6K1,1,1
IP6K3,1,1
IQCD,1,1
IQCF5,1,1
IQCH,1,1
IQCN,1,1
IQGAP2,1,1
IQGAP3,1,1
IRAK1,1,1
IREB2,1,1
IRF9,1,1
IRS2,1,1
IRS4,1,1
IST1,1,1
ITGA1,1,1
ITGA4,1,1
ITGA6,1,1
ITGA8,1,1
ITGA9,1,1
ITGB3,1,1
ITIH1,1,1
ITPA,1,1
ITPRIPL1,1,1
ITSN1,1,1
IZUMO4,1,1
JAM3,1,1
JCAD,1,1
JMJD7-PLA2G4B,1,1
JPH1,1,1
JPT2,1,1
JSRP1,1,1
JUND,1,1
KALRN,1,1
KANK3,1,1
KANSL1,1,1
KAT6A,1,1
KATNAL1,1,1
KBTBD6,1,1
KCMF1,1,1
KCNB1,1,1
KCNH4,1,1
KCNH6,1,1
KCNK4,1,1
KCNMB1,1,1
KCNMB3,1,1
KCNV2,1,1
KCP,1,1
KCTD16,1,1
KDELC2,1,1
KDM2A,1,1
KDM3B,1,1
KDM4B,1,1
KDM7A,1,1
KIAA0391,1,1
KIAA0556,1,1
KIAA0586,1,1
KIAA0930,1,1
KIAA1107,1,1
KIAA1211L,1,1
KIAA1522,1,1
KIAA1549,1,1
KIAA1549L,1,1
KIAA1755,1,1
KIAA1958,1,1
KIAA2012,1,1
KIDINS220,1,1
KIF11,1,1
KIF13B,1,1
KIF14,1,1
KIF16B,1,1
KIF18A,1,1
KIF20B,1,1
KIF2A,1,1
KIF4A,1,1
KIRREL2,1,1
KIT,1,1
KITLG,1,1
KLB,1,1
KLF10,1,1
KLF15,1,1
KLHL22,1,1
KLHL6,1,1
KMT2A,1,1
KMT2C,1,1
KMT2E,1,1
KMT5B,1,1
KNL1,1,1
KNOP1,1,1
KPNA3,1,1
KPRP,1,1
KRCC1,1,1
KRT10,1,1
KRT2,1,1
KRT23,1,1
KRT3,1,1
KRT32,1,1
KRT33A,1,1
KRT33B,1,1
KRT34,1,1
KRT75,1,1
KRT76,1,1
KRT78,1,1
KRT79,1,1
KRT9,1,1
KRTAP29-1,1,1
KYAT1,1,1
L1CAM,1,1
LACC1,1,1
LACTB2,1,1
LAG3,1,1
LAMA3,1,1
LAMA5,1,1
LAMP2,1,1
LAMP3,1,1
LARP6,1,1
LARS2,1,1
LAT,1,1
LBX2,1,1
LCA5L,1,1
LDAH,1,1
LDHA,1,1
LDLRAD2,1,1
LDLRAP1,1,1
LEAP2,1,1
LEMD1,1,1
LGALSL,1,1
LGMN,1,1
LGMNP1,1,1
LHCGR,1,1
LHX6,1,1
LILRA6,1,1
LIMA1,1,1
LINC00355,1,1
LINC01405,1,1
LINC02513,1,1
LIPA,1,1
LIPF,1,1
LIPT1,1,1
LLGL1,1,1
LMAN1,1,1
LMAN2L,1,1
LMBR1L,1,1
LMTK2,1,1
LNX1,1,1
LOXL2,1,1
LPAL2,1,1
LPCAT4,1,1
LPIN1,1,1
LPL,1,1
LPP,1,1
LRIG1,1,1
LRIT2,1,1
LRMP,1,1
LRP10,1,1
LRP1B,1,1
LRPAP1,1,1
LRPPRC,1,1
LRRC17,1,1
LRRC23,1,1
LRRC37A2,1,1
LRRC3B,1,1
LRRC4B,1,1
LRRC53,1,1
LRRC69,1,1
LRRC70,1,1
LRRD1,1,1
LRRIQ3,1,1
LRRK1,1,1
LRRN2,1,1
LRRN4,1,1
LSG1,1,1
LSM14B,1,1
LTA4H,1,1
LTB,1,1
LTBP2,1,1
LTBP4,1,1
LTF,1,1
LUZP1,1,1
LY6G6F,1,1
LY75,1,1
LYST,1,1
MACC1,1,1
MACF1,1,1
MACO1,1,1
MAD1L1,1,1
MADD,1,1
MAJIN,1,1
MALRD1,1,1
MAN2A1,1,1
MAN2A2,1,1
MANEA,1,1
MANEAL,1,1
MAOB,1,1
MAP1S,1,1
MAP2,1,1
MAP3K15,1,1
MAP3K19,1,1
MAP3K9,1,1
MAP6,1,1
MAPK4,1,1
MAPK7,1,1
MAPKAPK5-AS1,1,1
MAPT,1,1
MARCHF6,1,1
MARF1,1,1
MARK2,1,1
MARK4,1,1
MAST4,1,1
MBD4,1,1
MBL2,1,1
MBOAT4,1,1
MBOAT7,1,1
MCAM,1,1
MCCC1,1,1
MCCC2,1,1
MCM6,1,1
MCM9,1,1
MCMDC2,1,1
MCOLN1,1,1
MDM2,1,1
MDN1,1,1
ME1,1,1
MED13,1,1
MED26,1,1
MEI4,1,1
MEIKIN,1,1
MEIOB,1,1
MEIOC,1,1
MEP1B,1,1
MEPCE,1,1
METTL17,1,1
METTL18,1,1
METTL25,1,1
METTL27,1,1
METTL3,1,1
METTL8,1,1
MFF,1,1
MFN1,1,1
MFRP,1,1
MFSD11,1,1
MFSD2A,1,1
MFSD5,1,1
MFSD6,1,1
MFSD9,1,1
MGAM,1,1
MGAM2,1,1
MGAT2,1,1
MGME1,1,1
MGP,1,1
MGST3,1,1
MIA2,1,1
MIA3,1,1
MICA,1,1
MICAL1,1,1
MICAL2,1,1
MICB,1,1
MICOS10,1,1
MIF,1,1
MIF4GD,1,1
MINPP1,1,1
MISP,1,1
MLEC,1,1
MLF1,1,1
MLH3,1,1
MLIP,1,1
MLST8,1,1
MME,1,1
MMP14,1,1
MMP19,1,1
MMP7,1,1
MMP8,1,1
MMP9,1,1
MMRN2,1,1
MMS19,1,1
MMS22L,1,1
MORC1,1,1
MORC3,1,1
MORC4,1,1
MORN5,1,1
MOSPD2,1,1
MPDZ,1,1
MPP7,1,1
MPPE1,1,1
MPZ,1,1
MRC1,1,1
MRM1,1,1
MROH8,1,1
MROH9,1,1
MRPL44,1,1
MRPL47,1,1
MRPL54,1,1
MRPS22,1,1
MRPS34,1,1
MRPS5,1,1
MRPS7,1,1
MRTFB,1,1
MS4A13,1,1
MSH4,1,1
MSMB,1,1
MSMP,1,1
MSRA,1,1
MT-CO1,1,1
MTIF3,1,1
MTMR12,1,1
MTMR3,1,1
MTNR1A,1,1
MTO1,1,1
MTOR,1,1
MTPAP,1,1
MTR,1,1
MTUS2,1,1
MUC15,1,1
MUC16,1,1
MUC5B,1,1
MUS81,1,1
MVB12A,1,1
MVK,1,1
MYADML2,1,1
MYB,1,1
MYBBP1A,1,1
MYBPC1,1,1
MYCBPAP,1,1
MYH15,1,1
MYH4,1,1
MYH7B,1,1
MYH9,1,1
MYLK,1,1
MYLK2,1,1
MYO15A,1,1
MYO18B,1,1
MYO1D,1,1
MYO3B,1,1
MYO5B,1,1
MYOM1,1,1
MYOM2,1,1
MYOM3,1,1
MYORG,1,1
MYOZ3,1,1
MYRF,1,1
NAA25,1,1
NAALADL2,1,1
NAB1,1,1
NAGLU,1,1
NAGPA,1,1
NAGS,1,1
NAMPT,1,1
NAT9,1,1
NATD1,1,1
NAV1,1,1
NAV3,1,1
NBAS,1,1
NBEA,1,1
NBEAL1,1,1
NBN1,1,1
NBR1,1,1
NCAPD3,1,1
NCDN,1,1
NCEH1,1,1
NCKAP5,1,1
NCOA3,1,1
NDRG3,1,1
NDUFA4,1,1
NDUFA9,1,1
NDUFAF7,1,1
NDUFB5,1,1
NDUFS3,1,1
NEB,1,1
NEBL,1,1
NECAB3,1,1
NECTIN3,1,1
NEDD9,1,1
NEIL1,1,1
NEIL3,1,1
NEK3,1,1
NEK6,1,1
NEMP1,1,1
NEO1,1,1
NEPRO,1,1
NES,1,1
NEU2,1,1
NEU3,1,1
NEURL2,1,1
NEUROD4,1,1
NF1,1,1
NFATC2,1,1
NFKBIZ,1,1
NHLRC2,1,1
NHS,1,1
NIN,1,1
NINJ2,1,1
NINL,1,1
NIPBL,1,1
NIPSNAP3A,1,1
NKAIN4,1,1
NLN,1,1
NLRP14,1,1
NLRPs,1,1
NMD3,1,1
NMNAT3,1,1
NMRAL1,1,1
NMU,1,1
NOBOX,1,1
NOD1,1,1
NOL9,1,1
NOP56,1,1
NOS2,1,1
NOS3,1,1
NOTCH2,1,1
NOX1,1,1
NPFFR2,1,1
NPHS1,1,1
NPY2R,1,1
NPY4R,1,1
NR2C2AP,1,1
NR2F6,1,1
NR5A2,1,1
NRG1,1,1
NSFL1C,1,1
NSG1,1,1
NSUN3,1,1
NSUN7,1,1
NT5C3A,1,1
NT5DC1,1,1
NTN1,1,1
NTRK3,1,1
NUB1,1,1
NUBP2,1,1
NUCB2,1,1
NUDT13,1,1
NUDT14,1,1
NUDT18,1,1
NUDT5,1,1
NUF2,1,1
NUGGC,1,1
NUMA1,1,1
NUP160,1,1
NUP205,1,1
NUP210,1,1
NUP214,1,1
NUP58,1,1
NUP85,1,1
NUP98,1,1
NUTM1,1,1
NYNRIN,1,1
OCSTAMP,1,1
ODAM,1,1
ODAPH,1,1
ODF2L,1,1
ODF3L1,1,1
OFD1,1,1
OGDHL,1,1
OGG1,1,1
OLAH,1,1
OLFM4,1,1
OLFML2A,1,1
OLIG1,1,1
OMA1,1,1
OPTN,1,1
OR10A2,1,1
OR13D1,1,1
OR1J1,1,1
OR1J2,1,1
OR1L6,1,1
OR1N1,1,1
OR3A1,1,1
OR4E2,1,1
OR51A7,1,1
OR51B4,1,1
OR51D1,1,1
OR51I2,1,1
OR52I1,1,1
OR52W1,1,1
OR56B4,1,1
OR5H1,1,1
OR6A2,1,1
OR8B12,1,1
OR9I1,1,1
ORC2,1,1
ORC6,1,1
OS9,1,1
OSBPL3,1,1
OSMR,1,1
OTOG,1,1
OTUD7B,1,1
OVCH2,1,1
OXA1L,1,1
OXGR1,1,1
P2RX1,1,1
P2RX5,1,1
P2RY13,1,1
P2RY2,1,1
P2RY4,1,1
P3H3,1,1
PADI1,1,1
PADI4,1,1
PALM3,1,1
PALMD,1,1
PAPLN,1,1
PAPOLA,1,1
PAPPA,1,1
PAQR6,1,1
PARD3B,1,1
PARD6B,1,1
PARM1,1,1
PARN,1,1
PARP1,1,1
PARP14,1,1
PARP9,1,1
PARVB,1,1
PASK,1,1
PATJ,1,1
PCARE,1,1
PCDH12,1,1
PCDH19,1,1
PCDHA1,1,1
PCDHA3,1,1
PCDHB2,1,1
PCDHB6,1,1
PCDHGA1,1,1
PCDHGA2,1,1
PCDHGA3,1,1
PCDHGA4,1,1
PCDHGA5,1,1
PCDHGA9,1,1
PCDHGB1,1,1
PCDHGB5,1,1
PCDHGB7,1,1
PCF11,1,1
PCID2,1,1
PCK1,1,1
PCM1,1,1
PCMT1,1,1
PCSK4,1,1
PCSK5,1,1
PDCD10,1,1
PDCD2L,1,1
PDE12,1,1
PDE1A,1,1
PDE2A,1,1
PDE3A,1,1
PDE4C,1,1
PDE4DIP,1,1
PDE7A,1,1
PDGFB,1,1
PDGFD,1,1
PDGFRB,1,1
PDILT,1,1
PDLIM4,1,1
PDSS2,1,1
PDZD2,1,1
PDZK1,1,1
PEAK1,1,1
PEAR1,1,1
PECR,1,1
PER1,1,1
PEX12,1,1
PEX16,1,1
PEX26,1,1
PGLYRP4,1,1
PGM2L1,1,1
PGP,1,1
PHEX,1,1
PHF23,1,1
PHIP,1,1
PHKG1,1,1
PHLDA1,1,1
PHLPP2,1,1
PI4K2B,1,1
PI4KA,1,1
PICALM,1,1
PIGA,1,1
PIGK,1,1
PIGN,1,1
PIGR,1,1
PIGV,1,1
PIK3AP1,1,1
PIK3C2G,1,1
PIK3R1,1,1
PIN1,1,1
PIP5K1C,1,1
PKD2L2,1,1
PKDCC,1,1
PKHD1,1,1
PKHD1L1,1,1
PKIG,1,1
PKN3,1,1
PLA1A,1,1
PLA2G10,1,1
PLA2G12B,1,1
PLA2G3,1,1
PLA2G4B,1,1
PLA2G4D,1,1
PLA2G4E,1,1
PLA2R1,1,1
PLAA,1,1
PLAT,1,1
PLBD1,1,1
PLCE1,1,1
PLCH1,1,1
PLCH2,1,1
PLCXD2,1,1
PLCZ1,1,1
PLD2,1,1
PLEK2,1,1
PLEKHA6,1,1
PLEKHA8,1,1
PLEKHG2,1,1
PLEKHG4,1,1
PLEKHH1,1,1
PLEKHJ1,1,1
PLG,1,1
PLK5,1,1
PLP2,1,1
PLPP1,1,1
PLSCR4,1,1
PLVAP,1,1
PLXNA3,1,1
PLXNC1,1,1
PMEPA1,1,1
PMF1,1,1
PMFBP1,1,1
PMS2,1,1
PNLDC1,1,1
PNLIP,1,1
PNLIPRP1,1,1
PNPLA1,1,1
PNPLA8,1,1
POC5,1,1
POGLUT2,1,1
POLA1,1,1
POLD1,1,1
POLE,1,1
POLH,1,1
POLK,1,1
POLR2H,1,1
POLRMT,1,1
POMGNT2,1,1
POMT1,1,1
PON1,1,1
POT1,1,1
POU3F3,1,1
POU5F1,1,1
POU5F2,1,1
PPAN,1,1
PPAN-P2RY11,1,1
PPARA,1,1
PPARG,1,1
PPARGC1A,1,1
PPARGC1B,1,1
PPCDC,1,1
PPIL1,1,1
PPIL6,1,1
PPIP5K1,1,1
PPP1R13B,1,1
PPP1R1A,1,1
PPP1R32,1,1
PPP1R36,1,1
PPP1R3A,1,1
PPP1R3C,1,1
PPP1R3D,1,1
PPP1R3E,1,1
PPP1R3G,1,1
PPP1R42,1,1
PPP2R1B,1,1
PPP2R3A,1,1
PPP4R1,1,1
PPRC1,1,1
PQLC2,1,1
PRC1,1,1
PRDM2,1,1
PREX1,1,1
PRF1,1,1
PRKACA,1,1
PRKAG3,1,1
PRKAR1A,1,1
PRL,1,1
PRMT9,1,1
PROCA1,1,1
PROCR,1,1
PROSER1,1,1
PROSER2,1,1
PROSER3,1,1
PROZ,1,1
PRPF4,1,1
PRR11,1,1
PRR14,1,1
PRR14L,1,1
PRR30,1,1
PRR5,1,1
PRRT3,1,1
PRSS23,1,1
PRSS35,1,1
PRSS53,1,1
PRTG,1,1
PRUNE2,1,1
PSAP,1,1
PSBG9,1,1
PSD4,1,1
PSG5,1,1
PSMC3IP,1,1
PSMG2,1,1
PSORSIC3,1,1
PTCD1,1,1
PTCD3,1,1
PTCH2,1,1
PTEN,1,1
PTGER2,1,1
PTGES,1,1
PTGR2,1,1
PTGS1,1,1
PTGS2,1,1
PTH,1,1
PTPN1,1,1
PTPN13,1,1
PTPN22,1,1
PTPN4,1,1
PTPN5,1,1
PTPRJ,1,1
PTX4,1,1
PUM2,1,1
PUM3,1,1
PUS10,1,1
PUS3,1,1
PWWP3A,1,1
PWWP3B,1,1
PYROXD1,1,1
QRICH2,1,1
R3HCC1,1,1
R3HDM2,1,1
RAB11FIP1,1,1
RAB19,1,1
RAB32,1,1
RAB3IP,1,1
RAB44,1,1
RABEP2,1,1
RABGAP1,1,1
RABGAP1L,1,1
RAD1,1,1
RAD50,1,1
RAD51AP1,1,1
RAD51AP2,1,1
RAD52,1,1
RAD9A,1,1
RAG1,1,1
RAI1,1,1
RAI14,1,1
RANBP2,1,1
RAPGEF6,1,1
RASGRF1,1,1
RASGRP3,1,1
RASSF1,1,1
RASSF6,1,1
RBBP8,1,1
RBM12B,1,1
RBM34,1,1
RBM44,1,1
RBSN,1,1
RC3H1,1,1
RCE1,1,1
RDH5,1,1
REC8,1,1
RECQL,1,1
REEP6,1,1
RELB,1,1
RELCH,1,1
RERGL,1,1
REST,1,1
RETSAT,1,1
RFC1,1,1
RFT1,1,1
RFTN1,1,1
RFWD3,1,1
RFX8,1,1
RGS11,1,1
RGS13,1,1
RGS20,1,1
RGS22,1,1
RGS9,1,1
RHO,1,1
RHPN2,1,1
RIMS1,1,1
RINT1,1,1
RIPK4,1,1
RIPOR3,1,1
RITA1,1,1
RMDN3,1,1
RMI2,1,1
RNF133,1,1
RNF14,1,1
RNF148,1,1
RNF168,1,1
RNF17,1,1
RNF175,1,1
RNF213,1,1
RNF25,1,1
RNF26,1,1
RNF41,1,1
RNF6,1,1
RNFT2,1,1
RNMT,1,1
ROBO1,1,1
ROBO4,1,1
ROCK1,1,1
ROM1,1,1
ROS1,1,1
RPGR,1,1
RPGRIP1L,1,1
RPIA,1,1
RPL23,1,1
RPP21,1,1
RPP25L,1,1
RPS6KB1,1,1
RPS6KL1,1,1
RPSA,1,1
RPTN,1,1
RPUSD2,1,1
RRN3,1,1
RSC1A1,1,1
RSPO1,1,1
RSRP1,1,1
RTKN,1,1
RTKN2,1,1
RTN3,1,1
RTN4,1,1
RTN4R,1,1
RTTN,1,1
RUBCN,1,1
RYR1,1,1
RYR3,1,1
S100A11,1,1
S100A16,1,1
S100A3,1,1
S100B,1,1
S1PR5,1,1
SAC3D1,1,1
SACS,1,1
SALL3,1,1
SAMD11,1,1
SAMD15,1,1
SAMD5,1,1
SAMD7,1,1
SARAF,1,1
SASH1,1,1
SAXO1,1,1
SC5D,1,1
SCAF11,1,1
SCAF4,1,1
SCAF8,1,1
SCD,1,1
SCD5,1,1
SCG2,1,1
SCLT1,1,1
SCML1,1,1
SCML2,1,1
SCN10A,1,1
SCN11A,1,1
SCN2B,1,1
SCN4A,1,1
SCN7A,1,1
SCNN1B,1,1
SCTR,1,1
SCYL3,1,1
SDCCAG8,1,1
SDHC,1,1
SEC14L3,1,1
SEC24A,1,1
SEL1L3,1,1
SELE,1,1
SELENOF,1,1
SELENOI,1,1
SELENON,1,1
SELENOO,1,1
SELPLG,1,1
SEMA4A,1,1
SEMA4C,1,1
SEMA6B,1,1
SENP6,1,1
SENP7,1,1
SERAC1,1,1
SERGEF,1,1
SERINC2,1,1
SERPINA10,1,1
SERPINA11,1,1
SERPINB11,1,1
SERPINB13,1,1
SERPINB8,1,1
SERPINC1,1,1
SERPINF2,1,1
SERPINH1,1,1
SERTAD1,1,1
SETD2,1,1
SETD4,1,1
SETD6,1,1
SETD9,1,1
SETX,1,1
SEZ6L,1,1
SFI1,1,1
SFRP1,1,1
SFSWAP,1,1
SFTPC,1,1
SFTPD,1,1
SFXN5,1,1
SGO1,1,1
SGO2,1,1
SGSM3,1,1
SH2B3/ATXN2,1,1
SH2D1A,1,1
SH2D4A,1,1
SH3RF2,1,1
SH3TC2,1,1
SHLD2,1,1
SHOC1,1,1
SHOC2,1,1
SHROOM4,1,1
SI,1,1
SIAE,1,1
SIGLEC1,1,1
SIGLEC15,1,1
SIM2,1,1
SIMC1,1,1
SIPA1,1,1
SIPA1L3,1,1
SIRPA,1,1
SIRT6,1,1
SKAP2,1,1
SKIV2L,1,1
SLBP,1,1
SLC10A5,1,1
SLC11A2,1,1
SLC12A4,1,1
SLC12A7,1,1
SLC12A8,1,1
SLC13A2,1,1
SLC13A4,1,1
SLC13A5,1,1
SLC14A1,1,1
SLC16A1,1,1
SLC16A10,1,1
SLC16A7,1,1
SLC18A2,1,1
SLC18B1,1,1
SLC19A3,1,1
SLC1A5,1,1
SLC22A14,1,1
SLC22A2,1,1
SLC22A3,1,1
SLC22A4,1,1
SLC24A1,1,1
SLC24A5,1,1
SLC25A32,1,1
SLC25A4,1,1
SLC26A4,1,1
SLC26A8,1,1
SLC27A6,1,1
SLC28A3,1,1
SLC2A1,1,1
SLC2A12,1,1
SLC34A2,1,1
SLC35A5,1,1
SLC35B1,1,1
SLC37A2,1,1
SLC37A3,1,1
SLC38A2,1,1
SLC39A12,1,1
SLC3A2,1,1
SLC44A5,1,1
SLC46A2,1,1
SLC46A3,1,1
SLC4A11,1,1
SLC4A2,1,1
SLC4A8,1,1
SLC5A12,1,1
SLC7A1,1,1
SLC7A7,1,1
SLC9C1,1,1
SLCO1B3,1,1
SLCO1B7,1,1
SLCO1C1,1,1
SLCO2A1,1,1
SLCO6A1,1,1
SLF1,1,1
SLF2,1,1
SLFN11,1,1
SLFN5,1,1
SLIT1,1,1
SLMAP,1,1
SMAD4,1,1
SMAD6,1,1
SMARCA4,1,1
SMCR8,1,1
SMIM24,1,1
SMIM7P1,1,1
SMPDL3B,1,1
SMURF2,1,1
SMYD4,1,1
SNAPC2,1,1
SNAPC5,1,1
SNPH,1,1
SNX29,1,1
SNX4,1,1
SOCS5P2,1,1
SOD2,1,1
SORBS1,1,1
SOX13,1,1
SOX30,1,1
SPAG16,1,1
SPAG17,1,1
SPAG5,1,1
SPAG8,1,1
SPAM1,1,1
SPARCL1,1,1
SPART,1,1
SPATA13,1,1
SPATA17,1,1
SPATA18,1,1
SPATA19,1,1
SPATA4,1,1
SPATA5L1,1,1
SPATA6L,1,1
SPATS1,1,1
SPC25,1,1
SPDEF,1,1
SPECC1,1,1
SPEF2,1,1
SPERT,1,1
SPG11,1,1
SPHK2,1,1
SPHKAP,1,1
SPINK5,1,1
SPIRE1,1,1
SPOCK2,1,1
SPPL2C,1,1
SPRR1A,1,1
SPRR3,1,1
SPTB,1,1
SPTBN2,1,1
SPTLC3,1,1
SPX,1,1
SRA1,1,1
SREBF1,1,1
SRFBP1,1,1
SRPX2,1,1
SRRD,1,1
SRRM2,1,1
SRRM3,1,1
SRRM5,1,1
SRSF5,1,1
SST,1,1
SSTR3,1,1
SSX2IP,1,1
ST13,1,1
ST18,1,1
ST5,1,1
ST6GAL1,1,1
ST7L,1,1
STAB1,1,1
STAB2,1,1
STAC,1,1
STAT4,1,1
STC2,1,1
STEAP3,1,1
STIMATE,1,1
STIP1,1,1
STK11IP,1,1
STOML1,1,1
STON1,1,1
STON1-GTF2A1L,1,1
STX11,1,1
STXBP4,1,1
SUCO,1,1
SUGP2,1,1
SULF2,1,1
SULT1A1,1,1
SULT1A3,1,1
SULT1B1,1,1
SUN2,1,1
SV2A,1,1
SVEP1,1,1
SVOPL,1,1
SYAP1,1,1
SYCP2,1,1
SYDE1,1,1
SYNE1,1,1
SYNE2,1,1
SYNJ2,1,1
SYNM,1,1
SYNPO,1,1
SYNRG,1,1
SYTL2,1,1
SYTL3,1,1
SZT2,1,1
Sep-04,1,1
TAAR9,1,1
TAF11,1,1
TAF1A,1,1
TAF1C,1,1
TAF6L,1,1
TANGO6,1,1
TAOK2,1,1
TAP1,1,1
TARS2,1,1
TAS2R3,1,1
TAS2R38,1,1
TATDN2,1,1
TBC1D10B,1,1
TBC1D20,1,1
TBC1D5,1,1
TBC1D8B,1,1
TBC1D9B,1,1
TBCE,1,1
TBRG1,1,1
TBX20,1,1
TBXAS1,1,1
TC2N,1,1
TCAF2,1,1
TCEANC,1,1
TCHH,1,1
TCHHL1,1,1
TCHP,1,1
TCN2,1,1
TCOF1,1,1
TCP11L2,1,1
TCTN1,1,1
TDP1,1,1
TDRD15,1,1
TDRD6,1,1
TECPR1,1,1
TEDC2,1,1
TEFM,1,1
TEKT3,1,1
TENT5B,1,1
TERB1,1,1
TERF2,1,1
TERF2IP,1,1
TERT,1,1
TESC,1,1
TET1,1,1
TEX14,1,1
TEX2,1,1
TEX38,1,1
TF,1,1
TFB2M,1,1
TFRC,1,1
TGFA,1,1
TGFB1,1,1
TGFB3,1,1
TGFBR2,1,1
TGFBR3,1,1
TGM2,1,1
TGM3,1,1
TGM5,1,1
TGM6,1,1
TGM7,1,1
THEG,1,1
THEG5,1,1
THEGL,1,1
THEMIS2,1,1
THNSL1,1,1
THSD4,1,1
THUMPD3,1,1
TICAM2,1,1
TIFA,1,1
TIMM21,1,1
TINF2,1,1
TJP2,1,1
TLR1,1,1
TLR2,1,1
TLR5,1,1
TLR7,1,1
TLR8,1,1
TLR9,1,1
TM104,1,1
TM6SF2,1,1
TM7SF3,1,1
TMBIM4,1,1
TMC2,1,1
TMC5,1,1
TMCO4,1,1
TMCO5A,1,1
TMED10,1,1
TMED3,1,1
TMED5,1,1
TMEM120A,1,1
TMEM131L,1,1
TMEM132C,1,1
TMEM136,1,1
TMEM154,1,1
TMEM156,1,1
TMEM171,1,1
TMEM192,1,1
TMEM2,1,1
TMEM214,1,1
TMEM232,1,1
TMEM245,1,1
TMEM253,1,1
TMEM26,1,1
TMEM262,1,1
TMEM35A,1,1
TMEM45B,1,1
TMEM53,1,1
TMEM63C,1,1
TMEM81,1,1
TMEM95,1,1
TMEM9B,1,1
TMF1,1,1
TMIGD2,1,1
TMPRSS11D,1,1
TMPRSS15,1,1
TMPRSS9,1,1
TMTC3,1,1
TMUB1,1,1
TNFAIP1,1,1
TNFRSF11A,1,1
TNFRSF1A,1,1
TNFRSF21,1,1
TNFRSF6B,1,1
TNFSF14,1,1
TNIP3,1,1
TNNI3K,1,1
TNRC6B,1,1
TNS1,1,1
TNS4,1,1
TOB2,1,1
TOGARAM1,1,1
TOPAZ1,1,1
TOPBP1,1,1
TOR2A,1,1
TP53,1,1
TP53BP1,1,1
TP53I3,1,1
TP53RK,1,1
TP63,1,1
TP73,1,1
TPI1,1,1
TPTE,1,1
TPX2,1,1
TRAF3IP3,1,1
TRAF6,1,1
TRANK1,1,1
TRDN,1,1
TREM18,1,1
TRIM14,1,1
TRIM27,1,1
TRIM37,1,1
TRIM39-RPP21,1,1
TRIM42,1,1
TRIM50,1,1
TRIM6,1,1
TRIM6-TRIM34,1,1
TRIM66,1,1
TRIP10,1,1
TRIP11,1,1
TRMT1,1,1
TRMT12,1,1
TRMT1L,1,1
TRMT2B,1,1
TRMT5,1,1
TROAP,1,1
TRPC4,1,1
TRPM4,1,1
TRPM8,1,1
TRPV3,1,1
TRUB2,1,1
TSC1,1,1
TSEN2,1,1
TSG101,1,1
TSGA10IP,1,1
TSGA13,1,1
TSHZ2,1,1
TSN6,1,1
TSNAXIP1,1,1
TSPAN8,1,1
TSPYL1,1,1
TSPYL5,1,1
TSR2,1,1
TSTD3,1,1
TTBK2,1,1
TTC12,1,1
TTC16,1,1
TTC21A,1,1
TTC23,1,1
TTC3,1,1
TTC39B,1,1
TTC4,1,1
TTI1,1,1
TTI2,1,1
TTLL6,1,1
TTN,1,1
TTR,1,1
TUB,1,1
TUBAL3,1,1
TUBB,1,1
TUBGCP6,1,1
TULP2,1,1
TULP3,1,1
TUT1,1,1
TUT7,1,1
TWISTNB,1,1
TXLNB,1,1
TXNDC16,1,1
TXNL4B,1,1
TXNRD2,1,1
TYK2,1,1
TYROBP,1,1
UACA,1,1
UBA7,1,1
UBD,1,1
UBE2I,1,1
UBE2J1,1,1
UBL3,1,1
UBQLN2,1,1
UBXN2A,1,1
UCHL1,1,1
UFSP2,1,1
UGT1A3,1,1
UGT1A4,1,1
UGT1A7,1,1
UHRF1BP1,1,1
UNC13B,1,1
UPF3A,1,1
UQCC1,1,1
URB2,1,1
URGCP,1,1
USF3,1,1
USH2A,1,1
USP19,1,1
USP26,1,1
USP28,1,1
USP32,1,1
USP35,1,1
USP43,1,1
USP45,1,1
USPL1,1,1
UTP11,1,1
UTP18,1,1
UTP6,1,1
UTRN,1,1
VCAM1,1,1
VCAN,1,1
VCP,1,1
VEGFC,1,1
VEGFD,1,1
VENTX,1,1
VGLL1,1,1
VILL,1,1
VIM,1,1
VIPAS39,1,1
VIRMA,1,1
VLDLR,1,1
VPS13B,1,1
VPS13C,1,1
VPS13D,1,1
VPS16,1,1
VPS26B,1,1
VPS37C,1,1
VWA3B,1,1
VWA5A,1,1
VWA5B1,1,1
VWA7,1,1
VWA8,1,1
VWF,1,1
WAPL,1,1
WAS,1,1
WASF2,1,1
WDCP,1,1
WDHD1,1,1
WDR1,1,1
WDR11,1,1
WDR18,1,1
WDR20,1,1
WDR34,1,1
WDR62,1,1
WDR63,1,1
WDR75,1,1
WDR78,1,1
WDR81,1,1
WDR83,1,1
WDR89,1,1
WDYHV1,1,1
WHRN,1,1
WNK1,1,1
WNK2,1,1
WNK3,1,1
WRAP53,1,1
WRN,1,1
WWC2,1,1
WWC3,1,1
WWP1,1,1
WWP2,1,1
XDH,1,1
XIRP1,1,1
XIRP2,1,1
XKR4,1,1
XKR8,1,1
XN536,1,1
XPNPEP2,1,1
XRCC1,1,1
XRCC5,1,1
XRN1,1,1
XRRA1,1,1
YLPM1,1,1
ZBBX,1,1
ZBTB17,1,1
ZBTB38,1,1
ZBTB41,1,1
ZBTB5,1,1
ZBTB8A,1,1
ZBTB9,1,1
ZC2HC1C,1,1
ZC3H12D,1,1
ZC3H6,1,1
ZC3HAV1,1,1
ZCCHC7,1,1
ZDHHC1,1,1
ZDHHC13,1,1
ZDHHC3,1,1
ZDHHC4,1,1
ZDHHC9,1,1
ZEB1,1,1
ZFAT,1,1
ZFC3H1,1,1
ZFHX2,1,1
ZFHX3,1,1
ZFP1,1,1
ZFP28,1,1
ZFPM2,1,1
ZFR2,1,1
ZFYVE1,1,1
ZFYVE28,1,1
ZFYVE9,1,1
ZGRF1,1,1
ZHX2,1,1
ZHX3,1,1
ZKSCAN2,1,1
ZMAT3,1,1
ZMYND12,1,1
ZNF142,1,1
ZNF263,1,1
ZNF280C,1,1
ZNF280D,1,1
ZNF3,1,1
ZNF407,1,1
ZNF438,1,1
ZNF473,1,1
ZNF483,1,1
ZNF518A,1,1
ZNF518B,1,1
ZNF572,1,1
ZNF618,1,1
ZNF638,1,1
ZNF646,1,1
ZNF653,1,1
ZNF711,1,1
ZNF800,1,1
ZNF804A,1,1
ZNF804B,1,1
ZNF831,1,1
ZP2,1,1
ZP3,1,1
ZSWIM1,1,1
ZSWIM3,1,1
ZUP1,1,1
ZXDC,1,1
